Workbook
Name MarineSuperintendent: Guide!$A$35:$A$51
Name MS: Guide!$A$35:$A$37
Name Place: Guide!$A$39:$A$39
Name Superintendent: Guide!$A$35:$A$37
Name VisitPlace: Guide!$A$52:$A$53

Sheet Guide
A1: Guideline to use this folder
A3: In the sheets "IA-SI TANKER" and "IA-SI DRY":
B4: Insert only the date in which Internal Audit and Safety Inspection are carried out
B5: Expiring dates will be calculated authomatically in order to produce the schedule/Plan according to the below legend
B6: l Black light = current date > anniversay date + 90 days
B7: l Red light = anniversary date < current date < anniversary date + 90 days
B8: l Yellow light = anniversay date - 30 days < current day < anniversay date
B9: l Green light = current date < anniversay date - 30 days
A11: In the sheets "TANKER DATA" and "DRY DATA":
B12: For each vessel are available 4 raws. Each raw must be dedicated to one visit on board, during which one or more kind of audits/inspections can be carried out
B13: · Select Superintendent and place through the drop down menu
B14: · Insert for each inspection/Audit, the date of execution, the date of report (date in which the report is ulpoaded into Shipnet or officially delivered to the vessel) and the nr. of NC and observations. Total remarks are calculaed automatically.
B15: The date could also be a period from-to
B16: · Insert the date of training if carried out (it could be also a period from-to)
B17: · Insert the date of vetting and the name of vetting Company if carried out
B18: · Complete witht Travel's informations as departure/return dates, boarding/disembarking dates, and total days
A20: In the sheets "Int. Aud. Category" and "Saf Insp. Category":
B21: · For each vessel, after an inspection, insert or update the number of inspections (increasing of 1),
B22: and insert or update the deficiencies raised, as per Sire categories, according to the quarter in which the inspections carried out
A24: In the sheet "Nav. Audit Comparison "
B25: · For each vessel, insert or update the number of observation raised by Master during navigation audit in the box Navigation Audit Remarks by Master, according to the quarter in which the inspections carried out
A29: All other Sheets are automated and must not be touched
A35: Manpreet
A36: Ashwin
A37: Venster
A38: Naveen
A39: Maqsood
A40: Avish
A41: Amandeep
A42: Ankur
A43: Jay
A44: Siddharth
A45: Kaustubh
... A56: R

Sheet IA Planner
A1: VISIT PLANNER FOR 2024
A2: Note:
B3: Planning Month for Marine Visit | E3: xx | G3: Due Date for Marine Visit | L3: Done and next due is next year
B4: Planning Month for Technical Visit | E4: xx | G4: Due Date for Technial Visit | L4: Done and next due is next year
A5: Sr. No. | B5: Vessel Name | C5: Jan | E5: Feb | G5: Mar | H5: Apr | J5: May | K5: June | L5: July | M5: Aug | N5: Sept | O5: Oct | Q5: Nov | R5: Dec
A6: 1 | B6: BAGHEERA | C6: 1 | H6: 17 | L6: 1
A7: 2 | B7: BANTRY BAY | L7: 22 | M7: 22
A8: 3 | B8: BRIGHT FUTURE | E8: 24 | K8: 20 | M8: 24
A9: 4 | B9: CIELO DI HOUSTON | C9: 8 | D9: 18 | L9: 21
A10: 5 | B10: CIELO ROSSO | H10: 1 | J10: 11 | O10: 1
A11: 6 | B11: CLEAROCEAN MARIA | H11: 29 | N11: 20 | O11: 27
A12: 7 | B12: CLEAROCEAN MARY | J12: 7 | Q12: 22 | R12: 21
A13: 8 | B13: CLEAROCEAN MATHILDE | G13: 16 | L13: 23 | N13: 15
A14: 9 | B14: CLEAROCEAN MUSIC | H14: 1 | M14: 27 | N14: 30
A15: 10 | B15: RUI FU XING (ex GLENDA MELANIE) | C15: 31 | J15: 14 | L15: 31
A16: 11 | B16: GLENDA MELISSA | E16: 1 | M16: 14
A17: 12 | B17: GLENDA MELODY | H17: 15 | I17: 14 | O17: 13
A18: 13 | B18: GLENDA MERYL | C18: 2 | D18: 18 | J18: 18 | Q18: 17
A19: 14 | B19: HEROLDS BAY | L19: 9 | N19: 29
A20: 15 | B20: HIGH EXPLORER | C20: 28 | L20: 28 | M20: 27
A21: 16 | B21: HIGH TRANSPORTER | C21: 28 | L21: 26 | M21: 3
A22: 17 | B22: KALK BAY | H22: 22 | K22: 7
A23: 18 | B23: MOSSEL BAY | C23: 2 | G23: 23 | L23: 6
A24: 19 | B24: PHILOTIMOS | L24: 25
A25: 20 | B25: PHILOXENIA | C25: 8 | E25: 21 | J25: 7 | O25: 5
A26: 21 | B26: PNX CONQUEROR | E26: 8 | G26: 10
A27: 22 | B27: PS TOKYO | E27: 6 | F27: 7
A28: 23 | B28: PS VANCOUVER | K28: 1 | O28: 19 | R28: 30
A29: 24 | B29: RUI FU SHENG | K29: 7 | L29: 23
A30: 25 | B30: TABLE BAY | E30: 26 | K30: 18 | M30: 30
A31: 26 | B31: VIALLI | C31: 14 | K31: 1
A32: 27 | B32: VICTORIA BAY | G32: 1 | K32: 22 | N32: 2
A33: 28 | B33: CIELO DEI MARONTI | J33: 9 | M33: 7
A34: 29 | B34: CIELO DI VALPARAISO | G34: 14
A35: 30 | B35: MEDI ADRIATICO | C35: 5 | L35: 7
A36: 31 | B36: MEDI ATLANTICO | E36: 18 | K36: 16 | M36: 18
A37: 32 | B37: MEDI CABOTO
A38: 32 | B38: MEDI EGADI | H38: 23 | L38: 9
A39: 33 | B39: MEDI EGEO | K39: 1 | N39: 25
A40: 34 | B40: MEDI PALMAROLA | H40: 28 | M40: 24
A41: 35 | B41: MEDI SYDNEY
A42: 36 | B42: MEDI TIRRENO | C42: 1 | K42: 16 | R42: 30
A43: 37 | B43: MEDI ZUOZ | E43: 5 | L43: 28 | M43: 5

Sheet  IA-SI DRY
D1: Internal Audit / Inspection Scheduling-Plan
B2: =TODAY() -> 45805 | D2: Internal Audit | H2: Safety Inspection | L2: Technical Inspection
C3: Superintendent | D3: Status | E3: Last Audit date | F3: Remote | G3: Expiring Audit date | H3: Status | I3: Last Inspection date | J3: Remote | K3: Expiring Inspection date | L3: Status | M3: Last Inspection date | N3: Remote | O3: Expiring Inspection date | P3: Status validity for 6 Months
B4: Cielo di Valparaiso | C4: Maqsood | D4: =DAYS360(E4,TODAY()) -> 558 | E4: 45240 | G4: =EDATE(E4,12) -> 45606 | H4: =DAYS360(I4,TODAY()) -> 558 | I4: 45240 | K4: =EDATE(I4,12) -> 45606 | L4: =DAYS360(M4,TODAY()) -> 996 | M4: 44795 | O4: =EDATE(M4,6) -> 44979 | P4: {=DAYS180(E4,I4,M4,TODAY())} -> #NAME?
B5: Cielo Dei Maronti | C5: Naveen | D5: =DAYS360(E5,TODAY()) -> 291 | E5: 45511 | G5: =EDATE(E5,12) -> 45876 | H5: =DAYS360(I5,TODAY()) -> 676 | I5: 45119 | K5: =EDATE(I5,12) -> 45485 | L5: =DAYS360(M5,TODAY()) -> 835 | M5: 44960 | O5: =EDATE(M5,6) -> 45141 | P5: =DAYS360(Q5,TODAY()) -> 45148
B6: Medi Adriatico | C6: Avish | D6: =DAYS360(E6,TODAY()) -> 296 | E6: 45506 | G6: =EDATE(E6,12) -> 45871 | H6: =DAYS360(I6,TODAY()) -> 296 | I6: 45506 | K6: =EDATE(I6,12) -> 45871 | L6: =DAYS360(M6,TODAY()) -> 984 | M6: 44808 | N6: R | O6: =EDATE(M6,6) -> 44989 | P6: =DAYS360(Q6,TODAY()) -> 45148
B7: Medi Atlantico | C7: Naveen | D7: =DAYS360(E7,TODAY()) -> 332 | E7: 45469 | G7: =EDATE(E7,12) -> 45834 | H7: =DAYS360(I7,TODAY()) -> 702 | I7: 45093 | K7: =EDATE(I7,12) -> 45459 | L7: =DAYS360(M7,TODAY()) -> 865 | M7: 44929 | O7: =EDATE(M7,6) -> 45110 | P7: =DAYS360(Q7,TODAY()) -> 45148
B8: Medi Egadi | C8: Naveen | D8: =DAYS360(E8,TODAY()) -> 290 | E8: 45512 | G8: =EDATE(E8,12) -> 45877 | H8: =DAYS360(I8,TODAY()) -> 679 | I8: 45116 | K8: =EDATE(I8,12) -> 45482 | L8: =DAYS360(M8,TODAY()) -> 912 | M8: 44881 | O8: =EDATE(M8,6) -> 45062 | P8: =DAYS360(Q8,TODAY()) -> 45148
B9: Medi Egeo | C9: Naveen | D9: =DAYS360(E9,TODAY()) -> 238 | E9: 45565 | G9: =EDATE(E9,12) -> 45930 | H9: =DAYS360(I9,TODAY()) -> 603 | I9: 45194 | K9: =EDATE(I9,12) -> 45560 | L9: =DAYS360(M9,TODAY()) -> 784 | M9: 45009 | O9: =EDATE(M9,6) -> 45193 | P9: =DAYS360(Q9,TODAY()) -> 45148
B10: Medi Matsuura | C10: Naveen | D10: =DAYS360(E10,TODAY()) -> 208 | E10: 45595 | G10: =EDATE(E10,12) -> 45960 | H10: =DAYS360(I10,TODAY()) -> 208 | I10: 45595 | K10: =EDATE(I10,12) -> 45960
B11: Medi Palmarola | C11: Gaurav | D11: =DAYS360(E11,TODAY()) -> 300 | E11: 45501 | G11: =EDATE(E11,12) -> 45866 | H11: =DAYS360(I11,TODAY()) -> 300 | I11: 45501 | K11: =EDATE(I11,12) -> 45866 | L11: =DAYS360(M11,TODAY()) -> 959 | M11: 44833 | O11: =EDATE(M11,6) -> 45014 | P11: =DAYS360(Q11,TODAY()) -> 45148
B12: Medi Sydney | C12: Siddharth | D12: =DAYS360(E12,TODAY()) -> 232 | E12: 45571 | G12: =EDATE(E12,12) -> 45936 | H12: =DAYS360(I12,TODAY()) -> 232 | I12: 45571 | K12: =EDATE(I12,12) -> 45936 | M12: 45571
B13: Medi Tirreno | C13: Avish | D13: =DAYS360(E13,TODAY()) -> 507 | E13: 45292 | G13: =EDATE(E13,12) -> 45658 | H13: =DAYS360(I13,TODAY()) -> 847 | I13: 44947 | K13: =EDATE(I13,12) -> 45312 | L13: =DAYS360(M13,TODAY()) -> 1089 | M13: 44700 | O13: =EDATE(M13,6) -> 44884 | P13: =DAYS360(Q13,TODAY()) -> 45148
B14: Medi Zuoz | C14: Avish | D14: =DAYS360(E14,TODAY()) -> 273 | E14: 45529 | G14: =EDATE(E14,12) -> 45894 | H14: =DAYS360(I14,TODAY()) -> 273 | I14: 45529 | K14: =EDATE(I14,12) -> 45894 | L14: =DAYS360(M14,TODAY()) -> 878 | M14: 44915 | O14: =EDATE(M14,6) -> 45097 | P14: =DAYS360(Q14,TODAY()) -> 45148
B15: Medi Caboto | D15: =DAYS360(E15,TODAY()) -> 45148 | H15: =DAYS360(I15,TODAY()) -> 45148 | L15: =DAYS360(M15,TODAY()) -> 45148 | P15: =DAYS360(Q15,TODAY()) -> 45148

Sheet IA-SI  TANKER
D1: Internal Audit / Inspection Scheduling-Plan
B2: =TODAY() -> 45805 | D2: Internal Audit | H2: Safety Inspection | L2: Technical Inspection
C3: Superintendent | D3: Status | E3: Last Audit date | F3: Remote | G3: Expiring Audit date | H3: Status | I3: Last Inspection date | J3: Remote | K3: Expiring Inspection date | L3: Status | M3: Last Inspection date | N3: Remote | O3: Expiring Inspection date | P3: Status validity for 6 Months
B4: Alpine Pembroke (Sold) | C4: Maqsood | D4: =DAYS360(E4,TODAY()) -> 852 | E4: 44942 | G4: =EDATE(E4,12) -> 45307 | H4: =DAYS360(I4,TODAY()) -> 726 | I4: 45068 | K4: =EDATE(I4,12) -> 45434 | L4: =DAYS360(M4,TODAY()) -> 45148 | O4: =EDATE(M4,6) -> 182 | P4: =DAYS360(O4,TODAY()) -> 44968
B5: Alpine Pioneer (Sold) | C5: Venster | D5: =DAYS360(E5,TODAY()) -> 670 | E5: 45125 | G5: =EDATE(E5,12) -> 45491 | H5: =DAYS360(I5,TODAY()) -> 670 | I5: 45125 | K5: =EDATE(I5,12) -> 45491 | L5: =DAYS360(M5,TODAY()) -> 45148 | O5: =EDATE(M5,6) -> 182 | P5: =DAYS360(O5,TODAY()) -> 44968
B6: Bagheera | C6: Naveen | D6: =DAYS360(E6,TODAY()) -> 387 | E6: 45413 | G6: =EDATE(E6,12) -> 45778 | H6: =DAYS360(I6,TODAY()) -> 387 | I6: 45413 | K6: =EDATE(I6,12) -> 45778 | L6: =DAYS360(M6,TODAY()) -> 323 | M6: 45478 | O6: =EDATE(M6,6) -> 45662 | P6: =DAYS360(O6,TODAY()) -> 143
B7: Bantry Bay | C7: Rajneesh | D7: =DAYS360(E7,TODAY()) -> 276 | E7: 45526 | G7: =EDATE(E7,12) -> 45891 | H7: =DAYS360(I7,TODAY()) -> 276 | I7: 45526 | L7: =DAYS360(M7,TODAY()) -> 304 | M7: 45497 | O7: =EDATE(M7,6) -> 45681 | P7: =DAYS360(O7,TODAY()) -> 124
B8: Bright Future | C8: Ashwin | D8: =DAYS360(E8,TODAY()) -> 335 | E8: 45466 | G8: =EDATE(E8,12) -> 45831 | H8: =DAYS360(I8,TODAY()) -> 335 | I8: 45466 | K8: =EDATE(I8,12) -> 45831 | L8: =DAYS360(M8,TODAY()) -> 450 | M8: 45350 | O8: =EDATE(M8,6) -> 45532 | P8: =DAYS360(O8,TODAY()) -> 270
B9: Cielo di Houston | C9: Naveen | D9: =DAYS360(E9,TODAY()) -> 229 | E9: 45574 | G9: =EDATE(E9,12) -> 45939 | H9: =DAYS360(I9,TODAY()) -> 229 | I9: 45574 | K9: =EDATE(I9,12) -> 45939 | L9: =DAYS360(M9,TODAY()) -> 474 | M9: 45326 | O9: =EDATE(M9,6) -> 45508 | P9: =DAYS360(O9,TODAY()) -> 294
B10: Cielo Rosso | C10: Naveen | D10: =DAYS360(E10,TODAY()) -> 174 | E10: 45630 | G10: =EDATE(E10,12) -> 45995 | H10: =DAYS360(I10,TODAY()) -> 174 | I10: 45630 | K10: =EDATE(I10,12) -> 45995 | L10: =DAYS360(M10,TODAY()) -> 562 | M10: 45236 | O10: =EDATE(M10,6) -> 45418 | P10: =DAYS360(O10,TODAY()) -> 382
B11: Clearocean Maria | C11: Avish | D11: =DAYS360(E11,TODAY()) -> 248 | E11: 45555 | G11: =EDATE(E11,12) -> 45920 | H11: =DAYS360(I11,TODAY()) -> 248 | I11: 45555 | K11: =EDATE(I11,12) -> 45920 | L11: =DAYS360(M11,TODAY()) -> 382 | M11: 45418 | O11: =EDATE(M11,6) -> 45602 | P11: =DAYS360(O11,TODAY()) -> 202
B12: Clearocean Mary | C12: Rajneesh | D12: =DAYS360(E12,TODAY()) -> 182 | E12: 45622 | G12: =EDATE(E12,12) -> 45987 | H12: =DAYS360(I12,TODAY()) -> 182 | I12: 45622 | K12: =EDATE(I12,12) -> 45987 | L12: =DAYS360(M12,TODAY()) -> 375 | M12: 45425 | O12: =EDATE(M12,6) -> 45609 | P12: =DAYS360(O12,TODAY()) -> 195
B13: Clearocean Mathilde | C13: Jay | D13: =DAYS360(E13,TODAY()) -> 298 | E13: 45504 | G13: =EDATE(E13,12) -> 45869 | H13: =DAYS360(I13,TODAY()) -> 298 | I13: 45504 | K13: =EDATE(I13,12) -> 45869 | L13: =DAYS360(M13,TODAY()) -> 423 | M13: 45376 | O13: =EDATE(M13,6) -> 45560 | P13: =DAYS360(O13,TODAY()) -> 243
B14: Clearocean Music | C14: Jay | D14: =DAYS360(E14,TODAY()) -> 272 | E14: 45530 | G14: =EDATE(E14,12) -> 45895 | H14: =DAYS360(I14,TODAY()) -> 213 | I14: 45590 | K14: =EDATE(I14,12) -> 45955 | L14: =DAYS360(M14,TODAY()) -> 417 | M14: 45383 | O14: =EDATE(M14,6) -> 45566 | P14: =DAYS360(O14,TODAY()) -> 237
B15: Rui Fu Xing (Glenda Melanie) | C15: Siddharth | D15: =DAYS360(E15,TODAY()) -> 362 | E15: 45438 | G15: =EDATE(E15,12) -> 45803 | H15: =DAYS360(I15,TODAY()) -> 362 | I15: 45438 | K15: =EDATE(I15,12) -> 45803 | L15: =DAYS360(M15,TODAY()) -> 472 | M15: 45328 | O15: =EDATE(M15,6) -> 45510 | P15: =DAYS360(O15,TODAY()) -> 292
B16: Glenda Melissa | C16: Ashwin | D16: =DAYS360(E16,TODAY()) -> 472 | E16: 45328 | G16: =EDATE(E16,12) -> 45694 | H16: =DAYS360(I16,TODAY()) -> 472 | I16: 45328 | K16: =EDATE(I16,12) -> 45694 | L16: =DAYS360(M16,TODAY()) -> 284 | M16: 45518 | O16: =EDATE(M16,6) -> 45702 | P16: =DAYS360(O16,TODAY()) -> 104
B17: Glenda Melody | C17: Siddharth | D17: =DAYS360(E17,TODAY()) -> 400 | E17: 45400 | G17: =EDATE(E17,12) -> 45765 | H17: =DAYS360(I17,TODAY()) -> 667 | I17: 45128 | K17: =EDATE(I17,12) -> 45494 | L17: =DAYS360(M17,TODAY()) -> 404 | M17: 45396 | O17: =EDATE(M17,6) -> 45579 | P17: =DAYS360(O17,TODAY()) -> 224
B18: Glenda Meryl | C18: Kaustubh | D18: =DAYS360(E18,TODAY()) -> 215 | E18: 45588 | G18: =EDATE(E18,12) -> 45953 | H18: =DAYS360(I18,TODAY()) -> 215 | I18: 45588 | K18: =EDATE(I18,12) -> 45953 | L18: =DAYS360(M18,TODAY()) -> 365 | M18: 45435 | O18: =EDATE(M18,6) -> 45619 | P18: =DAYS360(O18,TODAY()) -> 185
B19: Herolds Bay | C19: Kaustubh | D19: =DAYS360(E19,TODAY()) -> 232 | E19: 45571 | G19: =EDATE(E19,12) -> 45936 | H19: =DAYS360(I19,TODAY()) -> 232 | I19: 45571 | K19: =EDATE(I19,12) -> 45936 | L19: =DAYS360(M19,TODAY()) -> 312 | M19: 45489 | O19: =EDATE(M19,6) -> 45673 | P19: =DAYS360(O19,TODAY()) -> 132
B20: High Explorer | C20: Lalit | D20: =DAYS360(E20,TODAY()) -> 271 | E20: 45531 | G20: =EDATE(E20,12) -> 45896 | H20: =DAYS360(I20,TODAY()) -> 271 | I20: 45531 | K20: =EDATE(I20,12) -> 45896 | L20: =DAYS360(M20,TODAY()) -> 480 | M20: 45319 | O20: =EDATE(M20,6) -> 45501 | P20: =DAYS360(O20,TODAY()) -> 300
B21: High Mariner | D21: =DAYS360(E21,TODAY()) -> 45148 | H21: =DAYS360(I21,TODAY()) -> 45148 | L21: =DAYS360(M21,TODAY()) -> 45148 | P21: =DAYS360(O21,TODAY()) -> 45148
B22: High Transporter | C22: Rajneesh | D22: =DAYS360(E22,TODAY()) -> 226 | E22: 45577 | G22: =EDATE(E22,12) -> 45942 | H22: =DAYS360(I22,TODAY()) -> 226 | I22: 45577 | K22: =EDATE(I22,12) -> 45942 | L22: =DAYS360(M22,TODAY()) -> 295 | M22: 45507 | O22: =EDATE(M22,6) -> 45691 | P22: =DAYS360(O22,TODAY()) -> 115
B23: Kalk Bay | C23: Venster | D23: =DAYS360(E23,TODAY()) -> 390 | E23: 45410 | G23: =EDATE(E23,12) -> 45775 | H23: =DAYS360(I23,TODAY()) -> 390 | I23: 45410 | K23: =EDATE(I23,12) -> 45775 | L23: =DAYS360(M23,TODAY()) -> 530 | M23: 45268 | O23: =EDATE(M23,6) -> 45451 | P23: =DAYS360(O23,TODAY()) -> 350
B24: Mossel Bay | C24: Siddharth | D24: =DAYS360(E24,TODAY()) -> 169 | E24: 45635 | G24: =EDATE(E24,12) -> 46000 | H24: =DAYS360(I24,TODAY()) -> 169 | I24: 45635 | K24: =EDATE(I24,12) -> 46000 | L24: =DAYS360(M24,TODAY()) -> 264 | M24: 45539 | O24: =EDATE(M24,6) -> 45720 | P24: =DAYS360(O24,TODAY()) -> 84
B25: Philotimos | C25: Jay | D25: =DAYS360(E25,TODAY()) -> 291 | E25: 45511 | G25: =EDATE(E25,12) -> 45876 | H25: =DAYS360(I25,TODAY()) -> 291 | I25: 45511 | K25: =EDATE(I25,12) -> 45876 | P25: =DAYS360(O25,TODAY()) -> 45148
B26: Philoxenia | C26: Jay | D26: =DAYS360(E26,TODAY()) -> 183 | E26: 45621 | G26: =EDATE(E26,12) -> 45986 | H26: =DAYS360(I26,TODAY()) -> 159 | I26: 45645 | K26: =EDATE(I26,12) -> 46010 | L26: =DAYS360(M26,TODAY()) -> 365 | M26: 45435 | O26: =EDATE(M26,6) -> 45619 | P26: =DAYS360(O26,TODAY()) -> 185
B27: PNX Conqueror | C27: Jay | D27: =DAYS360(E27,TODAY()) -> 495 | E27: 45304 | G27: =EDATE(E27,12) -> 45670 | H27: =DAYS360(I27,TODAY()) -> 495 | I27: 45304 | K27: =EDATE(I27,12) -> 45670 | L27: =DAYS360(M27,TODAY()) -> 618 | M27: 45179 | O27: =EDATE(M27,6) -> 45361 | P27: =DAYS360(O27,TODAY()) -> 438
B28: PS Tokyo (Gone) | C28: Venster | D28: =DAYS360(E28,TODAY()) -> 544 | E28: 45254 | G28: =EDATE(E28,12) -> 45620 | H28: =DAYS360(I28,TODAY()) -> 472 | I28: 45328 | K28: =EDATE(I28,12) -> 45694 | L28: =DAYS360(M28,TODAY()) -> 993 | M28: 44798 | O28: =EDATE(M28,6) -> 44982 | P28: =DAYS360(O28,TODAY()) -> 813
B29: PS Vancouver | C29: Jay | D29: =DAYS360(E29,TODAY()) -> 240 | E29: 45563 | G29: =EDATE(E29,12) -> 45928 | H29: =DAYS360(I29,TODAY()) -> 240 | I29: 45563 | K29: =EDATE(I29,12) -> 45928 | L29: =DAYS360(M29,TODAY()) -> 242 | M29: 45561 | O29: =EDATE(M29,6) -> 45742 | P29: =DAYS360(O29,TODAY()) -> 62
B30: Table Bay | C30: Jay | D30: =DAYS360(E30,TODAY()) -> 336 | E30: 45465 | G30: =EDATE(E30,12) -> 45830 | H30: =DAYS360(I30,TODAY()) -> 336 | I30: 45465 | K30: =EDATE(I30,12) -> 45830 | L30: =DAYS360(M30,TODAY()) -> 447 | M30: 45352 | O30: =EDATE(M30,6) -> 45536 | P30: =DAYS360(O30,TODAY()) -> 267
B31: Rui Fu Sheng | C31: Jay | D31: =DAYS360(E31,TODAY()) -> 347 | E31: 45454 | G31: =EDATE(E31,12) -> 45819 | H31: =DAYS360(I31,TODAY()) -> 45148 | K31: =EDATE(I31,12) -> 366 | L31: =DAYS360(M31,TODAY()) -> 305 | M31: 45496 | O31: =EDATE(M31,6) -> 45680 | P31: =DAYS360(O31,TODAY()) -> 125
B32: Vialli | C32: Rajneesh | D32: =DAYS360(E32,TODAY()) -> 492 | E32: 45307 | G32: =EDATE(E32,12) -> 45673 | H32: =DAYS360(I32,TODAY()) -> 492 | I32: 45307 | K32: =EDATE(I32,12) -> 45673 | L32: =DAYS360(M32,TODAY()) -> 518 | M32: 45280 | O32: =EDATE(M32,6) -> 45463 | P32: =DAYS360(O32,TODAY()) -> 338
B33: Victoria Bay | C33: Jay | D33: =DAYS360(E33,TODAY()) -> 333 | E33: 45468 | G33: =EDATE(E33,12) -> 45833 | H33: =DAYS360(I33,TODAY()) -> 333 | I33: 45468 | K33: =EDATE(I33,12) -> 45833 | L33: =DAYS360(M33,TODAY()) -> 45148 | P33: =DAYS360(O33,TODAY()) -> 45148

Sheet Dry Data
D1: INTERNAL AUDIT 2024 | I1: SAFETY INSPECTION 2024 | N1: NAVIGATIONAL AUDIT 2024 | S1: ENVIRONMENTAL AUDIT 2024 | X1: CARGO OPERATION AUDIT 2024 | AC1: ISPS AUDIT 2024 | AH1: MOORING AUDIT 2024
A2: Vessel | B2: Auditor Name | C2: Place | D2: Internal Audit date | E2: Report date | F2: Remarks | G2: NC | H2: Obs | I2: Safety Inspection date | J2: Report date | K2: Remarks | L2: Nc | M2: Obs | N2: Nav Audit date | O2: Report date | P2: Remarks | Q2: NC | R2: Obs | S2: Env Audit date | T2: Report date | U2: Remarks | V2: Nc | W2: Obs | X2: Cargo Op Audit date | Y2: Report date | Z2: Remarks | AA2: Nc | AB2: Obs | AC2: ISPS Audit date | AD2: Report date | AE2: Remarks | AF2: Nc | AG2: Obs | AH2: Imooriong Audit date | AI2: Report date | AJ2: Remarks | AK2: Nc | AL2: Obs | AM2: Training Date | AN2: Vetting Date Company | AP2: Embarkation Port | AQ2: Disembarkation Port | AR2: Travel out | AS2: Onboard | AT2: Off vessel | AU2: Travel in | AV2: Total days | AW2: Total days on Board
A3: =' IA-SI DRY'!B4 -> Cielo di Valparaiso | F3: =G3+H3 -> 0 | K3: =L3+M3 -> 0 | P3: =Q3+R3 -> 0 | U3: =V3+W3 -> 0 | AE3: =AF3+AG3 -> 0 | AJ3: =AK3+AL3 -> 0 | AV3: =AU3-AR3 -> 0 | AW3: =AT3-AS3 -> 0
F4: =G4+H4 -> 0 | K4: =L4+M4 -> 0 | P4: =Q4+R4 -> 0 | U4: =V4+W4 -> 0 | AE4: =AF4+AG4 -> 0 | AJ4: =AK4+AL4 -> 0 | AV4: =AU4-AR4 -> 0 | AW4: =AT4-AS4 -> 0
F5: =G5+H5 -> 0 | K5: =L5+M5 -> 0 | P5: =Q5+R5 -> 0 | U5: =V5+W5 -> 0 | AE5: =AF5+AG5 -> 0 | AJ5: =AK5+AL5 -> 0 | AV5: =AU5-AR5 -> 0 | AW5: =AT5-AS5 -> 0
F6: =G6+H6 -> 0 | K6: =L6+M6 -> 0 | P6: =Q6+R6 -> 0 | U6: =V6+W6 -> 0 | AE6: =AF6+AG6 -> 0 | AJ6: =AK6+AL6 -> 0 | AV6: =AU6-AR6 -> 0 | AW6: =AT6-AS6 -> 0
A7: =' IA-SI DRY'!B5 -> Cielo Dei Maronti | B7: Rajneesh | C7: Port/Navigation | D7: 07.08.2024 | E7: 07.08.2024 | F7: =G7+H7 -> 4 | G7: 0 | H7: 4 | K7: =L7+M7 -> 0 | N7: 07.08.2024 | O7: 07.08.2024 | P7: =Q7+R7 -> 5 | Q7: 0 | R7: 5 | U7: =V7+W7 -> 0 | AC7: 07.08.2024 | AD7: 07.08.2024 | AE7: =AF7+AG7 -> 0 | AF7: 0 | AG7: 0 | AJ7: =AK7+AL7 -> 0 | AP7: Cristobal | AQ7: Balboa | AR7: 45508 | AS7: 45509 | AT7: 45511 | AU7: 45514 | AV7: =AU7-AR7 -> 6 | AW7: =AT7-AS7 -> 2
F8: =G8+H8 -> 0 | K8: =L8+M8 -> 0 | P8: =Q8+R8 -> 0 | U8: =V8+W8 -> 0 | AE8: =AF8+AG8 -> 0 | AJ8: =AK8+AL8 -> 0 | AV8: =AU8-AR8 -> 0 | AW8: =AT8-AS8 -> 0
F9: =G9+H9 -> 0 | K9: =L9+M9 -> 0 | P9: =Q9+R9 -> 0 | U9: =V9+W9 -> 0 | AE9: =AF9+AG9 -> 0 | AJ9: =AK9+AL9 -> 0 | AV9: =AU9-AR9 -> 0 | AW9: =AT9-AS9 -> 0
F10: =G10+H10 -> 0 | K10: =L10+M10 -> 0 | P10: =Q10+R10 -> 0 | U10: =V10+W10 -> 0 | AE10: =AF10+AG10 -> 0 | AJ10: =AK10+AL10 -> 0 | AV10: =AU10-AR10 -> 0 | AW10: =AT10-AS10 -> 0
A11: =' IA-SI DRY'!B6 -> Medi Adriatico | B11: Others | C11: Port/Navigation | D11: 02-08-2024 | E11: 22-08-24 | F11: =G11+H11 -> 3 | G11: 0 | H11: 3 | I11: 02.08.2024 | J11: 22.08.2024 | K11: =L11+M11 -> 5 | L11: 0 | M11: 5 | P11: =Q11+R11 -> 0 | U11: =V11+W11 -> 0 | AC11: 02.08.2024 | AD11: 22.08.2024 | AE11: =AF11+AG11 -> 0 | AF11: 0 | AG11: 0 | AJ11: =AK11+AL11 -> 0 | AP11: Mobile | AQ11: Mobile | AR11: 45506 | AS11: 45506 | AT11: 45509 | AU11: 45509 | AV11: =AU11-AR11 -> 3 | AW11: =AT11-AS11 -> 3
F12: =G12+H12 -> 0 | K12: =L12+M12 -> 0 | P12: =Q12+R12 -> 0 | U12: =V12+W12 -> 0 | AE12: =AF12+AG12 -> 0 | AJ12: =AK12+AL12 -> 0 | AV12: =AU12-AR12 -> 0 | AW12: =AT12-AS12 -> 0
F13: =G13+H13 -> 0 | K13: =L13+M13 -> 0 | P13: =Q13+R13 -> 0 | U13: =V13+W13 -> 0 | AE13: =AF13+AG13 -> 0 | AJ13: =AK13+AL13 -> 0 | AV13: =AU13-AR13 -> 0 | AW13: =AT13-AS13 -> 0
F14: =G14+H14 -> 0 | K14: =L14+M14 -> 0 | P14: =Q14+R14 -> 0 | U14: =V14+W14 -> 0 | AE14: =AF14+AG14 -> 0 | AJ14: =AK14+AL14 -> 0 | AV14: =AU14-AR14 -> 0 | AW14: =AT14-AS14 -> 0
A15: =' IA-SI DRY'!B7 -> Medi Atlantico | B15: Naveen | C15: Port | D15: 26.06.2024 | E15: 26.06.2024 | F15: =G15+H15 -> 5 | G15: 0 | H15: 5 | K15: =L15+M15 -> 0 | P15: =Q15+R15 -> 0 | U15: =V15+W15 -> 0 | AC15: 26.06.2024 | AD15: 26.06.2024 | AE15: =AF15+AG15 -> 0 | AF15: 0 | AG15: 0 | AJ15: =AK15+AL15 -> 0 | AP15: Zhangjiagang | AQ15: Zhangjiagang | AR15: 45466 | AS15: 45467 | AT15: 45469 | AU15: 45471 | AV15: =AU15-AR15 -> 5 | AW15: =AT15-AS15 -> 2
F16: =G16+H16 -> 0 | K16: =L16+M16 -> 0 | P16: =Q16+R16 -> 0 | U16: =V16+W16 -> 0 | AE16: =AF16+AG16 -> 0 | AJ16: =AK16+AL16 -> 0 | AV16: =AU16-AR16 -> 0 | AW16: =AT16-AS16 -> 0
F17: =G17+H17 -> 0 | K17: =L17+M17 -> 0 | P17: =Q17+R17 -> 0 | U17: =V17+W17 -> 0 | AE17: =AF17+AG17 -> 0 | AJ17: =AK17+AL17 -> 0 | AV17: =AU17-AR17 -> 0 | AW17: =AT17-AS17 -> 0
F18: =G18+H18 -> 0 | K18: =L18+M18 -> 0 | P18: =Q18+R18 -> 0 | U18: =V18+W18 -> 0 | AE18: =AF18+AG18 -> 0 | AJ18: =AK18+AL18 -> 0 | AV18: =AU18-AR18 -> 0 | AW18: =AT18-AS18 -> 0
A19: Medi Caboto | F19: =G19+H19 -> 0 | K19: =L19+M19 -> 0 | P19: =Q19+R19 -> 0 | U19: =V19+W19 -> 0 | AE19: =AF19+AG19 -> 0 | AJ19: =AK19+AL19 -> 0 | AV19: =AU19-AR19 -> 0 | AW19: =AT19-AS19 -> 0
F20: =G20+H20 -> 0 | K20: =L20+M20 -> 0 | P20: =Q20+R20 -> 0 | U20: =V20+W20 -> 0 | AE20: =AF20+AG20 -> 0 | AJ20: =AK20+AL20 -> 0 | AV20: =AU20-AR20 -> 0 | AW20: =AT20-AS20 -> 0
F21: =G21+H21 -> 0 | K21: =L21+M21 -> 0 | P21: =Q21+R21 -> 0 | U21: =V21+W21 -> 0 | AE21: =AF21+AG21 -> 0 | AJ21: =AK21+AL21 -> 0 | AV21: =AU21-AR21 -> 0 | AW21: =AT21-AS21 -> 0
F22: =G22+H22 -> 0 | K22: =L22+M22 -> 0 | P22: =Q22+R22 -> 0 | U22: =V22+W22 -> 0 | AE22: =AF22+AG22 -> 0 | AJ22: =AK22+AL22 -> 0 | AV22: =AU22-AR22 -> 0 | AW22: =AT22-AS22 -> 0
A23: =' IA-SI DRY'!B8 -> Medi Egadi | B23: Avish | C23: Port | D23: 08.08.2024 | E23: 08.08.2024 | F23: =G23+H23 -> 3 | G23: 0 | H23: 3 | K23: =L23+M23 -> 0 | P23: =Q23+R23 -> 0 | S23: 08.08.2024 | T23: 08.08.2024 | U23: =V23+W23 -> 1 | V23: 0 | W23: 1 | AC23: 08.08.2024 | AD23: 08.08.2024 | AE23: =AF23+AG23 -> 0 | AF23: 0 | AG23: 0 | AJ23: =AK23+AL23 -> 0 | AP23: Singapore | AQ23: Singapore | AR23: 45512 | AS23: 45512 | AT23: 45512 | AU23: 45512 | AV23: =AU23-AR23 -> 0 | AW23: =AT23-AS23 -> 0
F24: =G24+H24 -> 0 | K24: =L24+M24 -> 0 | P24: =Q24+R24 -> 0 | U24: =V24+W24 -> 0 | AE24: =AF24+AG24 -> 0 | AJ24: =AK24+AL24 -> 0 | AV24: =AU24-AR24 -> 0 | AW24: =AT24-AS24 -> 0
F25: =G25+H25 -> 0 | K25: =L25+M25 -> 0 | P25: =Q25+R25 -> 0 | U25: =V25+W25 -> 0 | AE25: =AF25+AG25 -> 0 | AJ25: =AK25+AL25 -> 0 | AV25: =AU25-AR25 -> 0 | AW25: =AT25-AS25 -> 0
F26: =G26+H26 -> 0 | K26: =L26+M26 -> 0 | P26: =Q26+R26 -> 0 | U26: =V26+W26 -> 0 | AE26: =AF26+AG26 -> 0 | AJ26: =AK26+AL26 -> 0 | AV26: =AU26-AR26 -> 0 | AW26: =AT26-AS26 -> 0
A27: =' IA-SI DRY'!B9 -> Medi Egeo | B27: Naveen | C27: Port | D27: 30.09.2024 | E27: 30.09.2024 | F27: =G27+H27 -> 3 | G27: 0 | H27: 3 | K27: =L27+M27 -> 0 | P27: =Q27+R27 -> 0 | U27: =V27+W27 -> 0 | AC27: 30.09.2024 | AD27: 30.09.2024 | AE27: =AF27+AG27 -> 0 | AF27: 0 | AG27: 0 | AJ27: =AK27+AL27 -> 0 | AP27: Kaohsiung | AQ27: Kaohsiung | AR27: 45563 | AS27: 45564 | AT27: 45565 | AU27: 45566 | AV27: =AU27-AR27 -> 3 | AW27: =AT27-AS27 -> 1
F28: =G28+H28 -> 0 | K28: =L28+M28 -> 0 | P28: =Q28+R28 -> 0 | U28: =V28+W28 -> 0 | AE28: =AF28+AG28 -> 0 | AJ28: =AK28+AL28 -> 0 | AV28: =AU28-AR28 -> 0 | AW28: =AT28-AS28 -> 0
F29: =G29+H29 -> 0 | K29: =L29+M29 -> 0 | P29: =Q29+R29 -> 0 | U29: =V29+W29 -> 0 | AE29: =AF29+AG29 -> 0 | AJ29: =AK29+AL29 -> 0 | AV29: =AU29-AR29 -> 0 | AW29: =AT29-AS29 -> 0
F30: =G30+H30 -> 0 | K30: =L30+M30 -> 0 | P30: =Q30+R30 -> 0 | U30: =V30+W30 -> 0 | AE30: =AF30+AG30 -> 0 | AJ30: =AK30+AL30 -> 0 | AV30: =AU30-AR30 -> 0 | AW30: =AT30-AS30 -> 0
A31: =' IA-SI DRY'!B10 -> Medi Matsuura | B31: Naveen | C31: Port | D31: 30.10.2024 | E31: 30.10.2024 | F31: =G31+H31 -> 4 | G31: 0 | H31: 4 | I31: 30.10.2024 | J31: 30.10.2024 | K31: =L31+M31 -> 2 | L31: 0 | M31: 2 | P31: =Q31+R31 -> 0 | U31: =V31+W31 -> 0 | AC31: 30.10.2024 | AD31: 30.10.2024 | AE31: =AF31+AG31 -> 0 | AF31: 0 | AG31: 0 | AJ31: =AK31+AL31 -> 0 | AP31: Onahama | AQ31: Onahama | AR31: 45589 | AS31: 45591 | AT31: 45596 | AU31: 45596 | AV31: =AU31-AR31 -> 7 | AW31: =AT31-AS31 -> 5
F32: =G32+H32 -> 0 | K32: =L32+M32 -> 0 | P32: =Q32+R32 -> 0 | U32: =V32+W32 -> 0 | AE32: =AF32+AG32 -> 0 | AJ32: =AK32+AL32 -> 0 | AV32: =AU32-AR32 -> 0 | AW32: =AT32-AS32 -> 0
F33: =G33+H33 -> 0 | K33: =L33+M33 -> 0 | P33: =Q33+R33 -> 0 | U33: =V33+W33 -> 0 | AE33: =AF33+AG33 -> 0 | AJ33: =AK33+AL33 -> 0 | AV33: =AU33-AR33 -> 0 | AW33: =AT33-AS33 -> 0
F34: =G34+H34 -> 0 | K34: =L34+M34 -> 0 | P34: =Q34+R34 -> 0 | U34: =V34+W34 -> 0 | AE34: =AF34+AG34 -> 0 | AJ34: =AK34+AL34 -> 0 | AV34: =AU34-AR34 -> 0 | AW34: =AT34-AS34 -> 0
A35: =' IA-SI DRY'!B11 -> Medi Palmarola | B35: Lalit | C35: Port/Navigation | D35: 28.07.2024 | E35: 28.07.2024 | F35: =G35+H35 -> 5 | G35: 2 | H35: 3 | I35: 28.07.2024 | J35: 28.07.2024 | K35: =L35+M35 -> 6 | L35: 1 | M35: 5 | N35: 28.07.2024 | O35: 28.07.2024 | P35: =Q35+R35 -> 5 | Q35: 3 | R35: 2 | S35: 28.07.2024 | T35: 28.07.2024 | U35: =V35+W35 -> 4 | V35: 1 | W35: 3 | AC35: 28.07.2024 | AD35: 28.07.2024 | AE35: =AF35+AG35 -> 0 | AF35: 0 | AG35: 0 | AH35: 28.07.2027 | AI35: 28.07.2024 | AJ35: =AK35+AL35 -> 6 | AK35: 2 | AL35: 4 | AP35: Paradip | AQ35: Haldia | AR35: 45495 | AS35: 45497 | AT35: 45501 | AU35: 45501 | AV35: =AU35-AR35 -> 6 | AW35: =AT35-AS35 -> 4
F36: =G36+H36 -> 0 | K36: =L36+M36 -> 0 | P36: =Q36+R36 -> 0 | U36: =V36+W36 -> 0 | AE36: =AF36+AG36 -> 0 | AJ36: =AK36+AL36 -> 0 | AV36: =AU36-AR36 -> 0 | AW36: =AT36-AS36 -> 0
F37: =G37+H37 -> 0 | K37: =L37+M37 -> 0 | P37: =Q37+R37 -> 0 | U37: =V37+W37 -> 0 | AE37: =AF37+AG37 -> 0 | AJ37: =AK37+AL37 -> 0 | AV37: =AU37-AR37 -> 0 | AW37: =AT37-AS37 -> 0
F38: =G38+H38 -> 0 | K38: =L38+M38 -> 0 | P38: =Q38+R38 -> 0 | U38: =V38+W38 -> 0 | AE38: =AF38+AG38 -> 0 | AJ38: =AK38+AL38 -> 0 | AV38: =AU38-AR38 -> 0 | AW38: =AT38-AS38 -> 0
A39: =' IA-SI DRY'!B12 -> Medi Sydney | B39: Siddharth | C39: Port | D39: 06.10.2024 | E39: 06.10.2024 | F39: =G39+H39 -> 6 | G39: 1 | H39: 5 | I39: 06.10.2024 | J39: 06.10.2024 | K39: =L39+M39 -> 7 | L39: 0 | M39: 7 | P39: =Q39+R39 -> 0 | U39: =V39+W39 -> 0 | AC39: 06.10.2024 | AD39: 06.10.2024 | AE39: 0 | AF39: 0 | AG39: 0 | AP39: Haldia | AQ39: Haldia | AR39: 45569 | AS39: 45570 | AT39: 45571 | AU39: 45572 | AV39: =AU39-AR39 -> 3 | AW39: =AT39-AS39 -> 1
F40: =G40+H40 -> 0 | K40: =L40+M40 -> 0 | P40: =Q40+R40 -> 0 | U40: =V40+W40 -> 0 | AE40: =AF40+AG40 -> 0 | AV40: =AU40-AR40 -> 0 | AW40: =AT40-AS40 -> 0
F41: =G41+H41 -> 0 | K41: =L41+M41 -> 0 | P41: =Q41+R41 -> 0 | U41: =V41+W41 -> 0 | AE41: =AF41+AG41 -> 0 | AV41: =AU41-AR41 -> 0 | AW41: =AT41-AS41 -> 0
F42: =G42+H42 -> 0 | K42: =L42+M42 -> 0 | P42: =Q42+R42 -> 0 | U42: =V42+W42 -> 0 | AE42: =AF42+AG42 -> 0 | AV42: =AU42-AR42 -> 0 | AW42: =AT42-AS42 -> 0
A43: =' IA-SI DRY'!B13 -> Medi Tirreno | B43: Avish | C43: Port | D43: 01.01.2024 | E43: 01.01.2024 | F43: =G43+H43 -> 3 | G43: 0 | H43: 3 | K43: =L43+M43 -> 0 | P43: =Q43+R43 -> 0 | U43: =V43+W43 -> 0 | AC43: 01.01.2024 | AD43: 01.01.2024 | AE43: =AF43+AG43 -> 0 | AF43: 0 | AG43: 0 | AJ43: =AK43+AL43 -> 0 | AV43: =AU43-AR43 -> 0 | AW43: =AT43-AS43 -> 0
F44: =G44+H44 -> 0 | K44: =L44+M44 -> 0 | P44: =Q44+R44 -> 0 | U44: =V44+W44 -> 0 | AE44: =AF44+AG44 -> 0 | AJ44: =AK44+AL44 -> 0 | AV44: =AU44-AR44 -> 0 | AW44: =AT44-AS44 -> 0
F45: =G45+H45 -> 0 | K45: =L45+M45 -> 0 | P45: =Q45+R45 -> 0 | U45: =V45+W45 -> 0 | AE45: =AF45+AG45 -> 0 | AJ45: =AK45+AL45 -> 0 | AV45: =AU45-AR45 -> 0 | AW45: =AT45-AS45 -> 0
F46: =G46+H46 -> 0 | K46: =L46+M46 -> 0 | P46: =Q46+R46 -> 0 | U46: =V46+W46 -> 0 | AE46: =AF46+AG46 -> 0 | AJ46: =AK46+AL46 -> 0 | AV46: =AU46-AR46 -> 0 | AW46: =AT46-AS46 -> 0
A47: =' IA-SI DRY'!B14 -> Medi Zuoz | B47: Kaustubh | C47: Port | D47: 25.08.2024 | E47: 25.08.2024 | F47: =G47+H47 -> 4 | G47: 0 | H47: 4 | I47: 25.08.2024 | J47: 25.08.2024 | K47: =L47+M47 -> 6 | L47: 0 | M47: 6 | P47: =Q47+R47 -> 0 | S47: 25.08.2024 | T47: 25.08.2024 | U47: =V47+W47 -> 5 | V47: 0 | W47: 5 | AC47: 25.08.2024 | AD47: 25.08.2024 | AE47: =AF47+AG47 -> 0 | AF47: 0 | AG47: 0 | AH47: 25.08.2024 | AI47: 25.08.2024 | AJ47: =AK47+AL47 -> 4 | AK47: 0 | AL47: 4 | AP47: Vizag | AQ47: Vizag | AR47: 45524 | AS47: 45525 | AT47: 45529 | AU47: 45529 | AV47: =AU47-AR47 -> 5 | AW47: =AT47-AS47 -> 4
F48: =G48+H48 -> 0 | K48: =L48+M48 -> 0 | P48: =Q48+R48 -> 0 | U48: =V48+W48 -> 0 | AE48: =AF48+AG48 -> 0 | AJ48: =AK48+AL48 -> 0 | AV48: =AU48-AR48 -> 0 | AW48: =AT48-AS48 -> 0
F49: =G49+H49 -> 0 | K49: =L49+M49 -> 0 | P49: =Q49+R49 -> 0 | U49: =V49+W49 -> 0 | AE49: =AF49+AG49 -> 0 | AJ49: =AK49+AL49 -> 0 | AV49: =AU49-AR49 -> 0 | AW49: =AT49-AS49 -> 0
F50: =G50+H50 -> 0 | K50: =L50+M50 -> 0 | P50: =Q50+R50 -> 0 | U50: =V50+W50 -> 0 | AE50: =AF50+AG50 -> 0 | AJ50: =AK50+AL50 -> 0 | AV50: =AU50-AR50 -> 0 | AW50: =AT50-AS50 -> 0
F51: =G51+H51 -> 0 | K51: =L51+M51 -> 0 | P51: =Q51+R51 -> 0 | U51: =V51+W51 -> 0 | AE51: =AF51+AG51 -> 0 | AJ51: =AK51+AL51 -> 0 | AV51: =AU51-AR51 -> 0 | AW51: =AT51-AS51 -> 0
F52: =G52+H52 -> 0 | K52: =L52+M52 -> 0 | P52: =Q52+R52 -> 0 | U52: =V52+W52 -> 0 | AE52: =AF52+AG52 -> 0 | AJ52: =AK52+AL52 -> 0 | AV52: =AU52-AR52 -> 0 | AW52: =AT52-AS52 -> 0
F53: =G53+H53 -> 0 | K53: =L53+M53 -> 0 | P53: =Q53+R53 -> 0 | U53: =V53+W53 -> 0 | AE53: =AF53+AG53 -> 0 | AJ53: =AK53+AL53 -> 0 | AV53: =AU53-AR53 -> 0 | AW53: =AT53-AS53 -> 0
F54: =G54+H54 -> 0 | K54: =L54+M54 -> 0 | P54: =Q54+R54 -> 0 | U54: =V54+W54 -> 0 | AE54: =AF54+AG54 -> 0 | AJ54: =AK54+AL54 -> 0 | AV54: =AU54-AR54 -> 0 | AW54: =AT54-AS54 -> 0
A57: INTERNAL AUDIT | D57: NAVIGATION AUDIT | F57: ENVIRONMENTAL AUDIT | H57: CARGO AUDIT | J57: ISPS AUDIT | L57: MOORING AUDIT | N57: TOTAL PER INSPECTOR
A58: Auditor Name | B58: Nc | C58: Obs | D58: Nc | E58: Obs | F58: Nc | G58: Obs | H58: Nc | I58: Obs | J58: Nc | K58: Obs | L58: Nc | M58: Obs | N58: NC | O58: OBS
A59: Amandeep | B59: =SUMIF($B$3:$B$54,"*Amandeep*",$G$3:$G$54) -> 0 | C59: =SUMIF(B3:B54,"*Amandeep*",H3:H54) -> 0 | D59: =SUMIF(B3:B54,"*Amandeep*",Q3:Q54) -> 0 | E59: =SUMIF(B3:B54,"*Amandeep*",R3:R54) -> 0 | F59: =SUMIF(B3:B54,"*Amandeep*",V3:V54) -> 0 | G59: =SUMIF(B3:B54,"*Amandeep*",W3:W54) -> 0 | J59: =SUMIF(B3:B54,"*Amandeep*",AF3:AF54) -> 0 | K59: =SUMIF(B3:B54,"*Amandeep*",AG3:AG54) -> 0 | L59: =SUMIF(B3:B54,"*Amandeep*",AK3:AK54) -> 0 | M59: =SUMIF(B3:B54,"*Amandeep*",AL3:AL54) -> 0 | N59: =SUM(B59,D59,F59,J59,L59) -> 0 | O59: =SUM(C59,E59,G59,K59,M59) -> 0
A60: Ankur | B60: =SUMIF($B$3:$B$54,"*Ankur*",$G$3:$G$54) -> 0 | C60: =SUMIF(B3:B54,"*Ankur*",H3:H54) -> 0 | D60: =SUMIF(B3:B54,"*Ankur*",Q3:Q54) -> 0 | E60: =SUMIF(B3:B54,"*Ankur*",R3:R54) -> 0 | F60: =SUMIF(B3:B54,"*Ankur*",V3:V54) -> 0 | G60: =SUMIF(B3:B54,"*Ankur*",W3:W54) -> 0 | J60: =SUMIF(B3:B54,"*Ankur*",AF3:AF54) -> 0 | K60: =SUMIF(B3:B54,"*Ankur*",AG3:AG54) -> 0 | L60: =SUMIF(B3:B54,"*Ankur*",AK3:AK54) -> 0 | M60: =SUMIF(B3:B54,"*Ankur*",AL3:AL54) -> 0 | N60: =SUM(B60,D60,F60,J60,L60) -> 0 | O60: =SUM(C60,E60,G60,K60,M60) -> 0
A61: Ashwin | B61: =SUMIF($B$3:$B$54,"*Ashwin*",$G$3:$G$54) -> 0 | C61: =SUMIF(B3:B54,"*Ashwin*",H3:H54) -> 0 | D61: =SUMIF(B3:B54,"*Ashwin*",Q3:Q54) -> 0 | E61: =SUMIF(B3:B54,"*Ashwin*",R3:R54) -> 0 | F61: =SUMIF(B3:B54,"*Ashwin*",V3:V54) -> 0 | G61: =SUMIF(B3:B54,"*Ashwin*",W3:W54) -> 0 | J61: =SUMIF(B3:B54,"*Ashwin*",AF3:AF54) -> 0 | K61: =SUMIF(B3:B535,"*Ashwin*",AG3:AG54) -> 0 | L61: =SUMIF(B3:B54,"*Ashwin*",AK3:AK54) -> 0 | M61: =SUMIF(B3:B54,"*Ashwin*",AL3:AL54) -> 0 | N61: =SUM(B61,D61,F61,J61,L61) -> 0 | O61: =SUM(C61,E61,G61,K61,M61) -> 0
A62: Avish | B62: =SUMIF($B$3:$B$54,"*Avish*",$G$3:$G$54) -> 0 | C62: =SUMIF(B3:B54,"*Avish*",H3:H54) -> 6 | D62: =SUMIF(B3:B54,"*Avish*",Q3:Q54) -> 0 | E62: =SUMIF(B3:B54,"*Avish*",R3:R54) -> 0 | F62: =SUMIF(B3:B54,"*Avish*",V3:V54) -> 0 | G62: =SUMIF(B3:B54,"*Avish*",W3:W54) -> 1 | J62: =SUMIF(B3:B54,"*Avish*",AF3:AF54) -> 0 | K62: =SUMIF(B3:B54,"*Avish*",AG3:AG54) -> 0 | L62: =SUMIF(B3:B54,"*Avish*",AK3:AK54) -> 0 | M62: =SUMIF(B3:B54,"*Avish*",AL3:AL54) -> 0 | N62: =SUM(B62,D62,F62,J62,L62) -> 0 | O62: =SUM(C62,E62,G62,K62,M62) -> 7
A63: Jay | B63: =SUMIF($B$3:$B$54,"*Jay*",$G$3:$G$54) -> 0 | C63: =SUMIF(B3:B54,"*Jay*",H3:H54) -> 0 | D63: =SUMIF(B3:B54,"*Jay*",Q3:Q54) -> 0 | E63: =SUMIF(B3:B54,"*Jay*",R3:R54) -> 0 | F63: =SUMIF(B3:B54,"*Jay*",V3:V54) -> 0 | G63: =SUMIF(B3:B54,"*Jay*",W3:W54) -> 0 | J63: =SUMIF(B3:B54,"*Jay*",AF3:AF54) -> 0 | K63: =SUMIF(B3:B54,"*Jay*",AG3:AG54) -> 0 | L63: =SUMIF(B3:B54,"*Jay*",AK3:AK54) -> 0 | M63: =SUMIF(B3:B54,"*Jay*",AL3:AL54) -> 0 | N63: =SUM(B63,D63,F63,J63,L63) -> 0 | O63: =SUM(C63,E63,G63,K63,M63) -> 0
A64: Venster | B64: =SUMIF($B$3:$B$54,"*Venster*",$G$3:$G$54) -> 0 | C64: =SUMIF(B3:B54,"*Venster*",H3:H54) -> 0 | D64: =SUMIF(B3:B54,"*Venster*",Q3:Q54) -> 0 | E64: =SUMIF(B3:B54,"*Venster*",R3:R54) -> 0 | F64: =SUMIF(B3:B54,"*Venster*",V3:V54) -> 0 | G64: =SUMIF(B3:B54,"*Venster*",W3:W54) -> 0 | J64: =SUMIF(B3:B54,"*venster*",AF3:AF54) -> 0 | K64: =SUMIF(B3:B54,"*Venster*",AG3:AG54) -> 0 | L64: =SUMIF(B3:B54,"*Venster*",AK3:AK54) -> 0 | M64: =SUMIF(B3:B54,"*Venster*",AL3:AL54) -> 0 | N64: =SUM(B64,D64,F64,J64,L64) -> 0 | O64: =SUM(C64,E64,G64,K64,M64) -> 0
A65: Naveen | B65: =SUMIF($B$3:$B$54,"*Naveen*",$G$3:$G$54) -> 0 | C65: =SUMIF(B3:B54,"*Naveen*",H3:H54) -> 12 | D65: =SUMIF(B3:B54,"*Naveen*",Q3:Q54) -> 0 | E65: =SUMIF(B3:B54,"*Naveen*",R3:R54) -> 0 | F65: =SUMIF(B3:B54,"*Naveen*",V3:V54) -> 0 | G65: =SUMIF(B3:B54,"*Naveen*",W3:W54) -> 0 | J65: =SUMIF(B3:B54,"*Naveen*",AF3:AF54) -> 0 | K65: =SUMIF(B3:B54,"*Naveen*",AG3:AG54) -> 0 | L65: =SUMIF(B3:B54,"*Naveen*",AK3:AK54) -> 0 | M65: =SUMIF(B3:B54,"*Naveen*",AL3:AL54) -> 0 | N65: =SUM(B65,D65,F65,J65,L65) -> 0 | O65: =SUM(C65,E65,G65,K65,M65) -> 12
A66: Maqsood | B66: =SUMIF($B$3:$B$54,"*Maqsood*",$G$3:$G$54) -> 0 | C66: =SUMIF(B3:B54,"*Maqsood*",H3:H54) -> 0 | D66: =SUMIF(B3:B54,"*Maqsood*",Q3:Q54) -> 0 | E66: =SUMIF(B3:B54,"*Maqsood*",R3:R54) -> 0 | F66: =SUMIF(B3:B54,"*Maqsood*",V3:V54) -> 0 | G66: =SUMIF(B3:B54,"*Maqsood*",W3:W54) -> 0 | J66: =SUMIF(B3:B54,"*Maqsood*",AF3:AF54) -> 0 | K66: =SUMIF(B3:B54,"*Maqsood*",AG3:AG54) -> 0 | L66: =SUMIF(B3:B54,"*Maqsood*",AK3:AK54) -> 0 | M66: =SUMIF(B3:B54,"*Maqsood*",AL3:AL54) -> 0 | N66: =SUM(B66,D66,F66,J66,L66) -> 0 | O66: =SUM(C66,E66,G66,K66,M66) -> 0
A67: Manpreet | B67: =SUMIF($B$3:$B$54,"*Manpreet*",$G$3:$G$54) -> 0 | C67: =SUMIF(B3:B54,"*Manpreet*",H3:H54) -> 0 | D67: =SUMIF(B3:B54,"*Manpreet*",Q3:Q54) -> 0 | E67: =SUMIF(B3:B54,"*Manpreet*",R3:R54) -> 0 | F67: =SUMIF(B3:B54,"*Manpreet*",V3:V54) -> 0 | G67: =SUMIF(B3:B54,"*Manpreet*",W3:W54) -> 0 | J67: =SUMIF(B3:B54,"*Manpreet*",AF3:AF54) -> 0 | K67: =SUMIF(B3:B54,"*Manpreet*",AG3:AG54) -> 0 | L67: =SUMIF(B3:B54,"*Manpreet*",AK3:AK54) -> 0 | M67: =SUMIF(B3:B54,"*Manpreet*",AL3:AL54) -> 0 | N67: =SUM(B67,D67,F67,J67,L67) -> 0 | O67: =SUM(C67,E67,G67,K67,M67) -> 0
A68: Siddharth | B68: =SUMIF($B$3:$B$54,"*Siddharth*",$G$3:$G$54) -> 1 | C68: =SUMIF(B3:B54,"*Siddharth*",H3:H54) -> 5 | D68: =SUMIF(B3:B54,"*Siddharth*",Q3:Q54) -> 0 | E68: =SUMIF(B3:B54,"*Siddharth*",R3:R54) -> 0 | F68: =SUMIF(B3:B54,"*Siddharth*",V3:V54) -> 0 | G68: =SUMIF(B3:B54,"*Siddharth*",W3:W54) -> 0 | J68: =SUMIF(B3:B54,"*Siddharth*",AF3:AF54) -> 0 | K68: =SUMIF(B3:B54,"*Siddharth*",AG3:AG54) -> 0 | L68: =SUMIF(B3:B54,"*Siddharth*",AK3:AK54) -> 0 | M68: =SUMIF(B3:B54,"*Siddharth*",AL3:AL54) -> 0 | N68: =SUM(B68,D68,F68,J68,L68) -> 1 | O68: =SUM(C68,E68,G68,K68,M68) -> 5
A69: Kaustubh | B69: =SUMIF($B$3:$B$54,"*Kaustabh*",$G$3:$G$54) -> 0 | C69: =SUMIF(B3:B54,"*Kaustubh*",H3:H54) -> 4 | D69: =SUMIF(B3:B54,"*Kaustubh*",Q3:Q54) -> 0 | E69: =SUMIF(B3:B54,"*Kaustubh*",R3:R54) -> 0 | F69: =SUMIF(B47:B54,"*Kaustubh*",V47:V54) -> 0 | G69: =SUMIF(B3:B54,"*Kaustubh*",W3:W54) -> 5 | J69: =SUMIF(B3:B54,"*Kaustubh*",AF3:AF54) -> 0 | K69: =SUMIF(B3:B54,"*Kaustubh*",AG3:AG54) -> 0 | L69: =SUMIF(B3:B54,"*Kaustubh*",AK3:AK54) -> 0 | M69: =SUMIF(B3:B54,"*Kaustubh*",AL3:AL54) -> 4 | N69: =SUM(B69,D69,F69,J69,L69) -> 0 | O69: =SUM(C69,E69,G69,K69,M69) -> 13
A70: Lalit | B70: =SUMIF($B$3:$B$54,"*Lalit*",$G$3:$G$54) -> 2 | C70: =SUMIF(B3:B54,"*Lalit*",H3:H54) -> 3 | D70: =SUMIF(B3:B54,"*Lalit*",Q3:Q54) -> 3 | E70: =SUMIF(B3:B54,"*Lalit*",R54:R57) -> 0 | F70: =SUMIF(B3:B54,"*Lalit*",V3:V54) -> 1 | G70: =SUMIF(B3:B54,"*Lalit*",W3:W54) -> 3 | J70: =SUMIF(B3:B54,"*Lalit*",AF3:AF54) -> 0 | K70: =SUMIF(B3:B54,"*Lalit*",AG3:AG54) -> 0 | L70: =SUMIF(B3:B54,"*Lalit*",AK3:AK54) -> 2 | M70: =SUMIF(B3:B54,"*Lalit*",AL3:AL54) -> 4 | N70: =SUM(B70,D70,F70,J70,L70) -> 8 | O70: =SUM(C70,E70,G70,K70,M70) -> 10
A71: Rajneesh | B71: =SUMIF($B$3:$B$54,"*Rajneesh*",$G$3:$G$54) -> 0 | C71: =SUMIF(B3:B54,"*Rajneesh*",H3:H54) -> 4 | D71: =SUMIF(B3:B54,"*Rajneesh*",Q3:Q54) -> 0 | E71: =SUMIF(B3:B54,"*Rajneesh*",R3:R54) -> 5 | F71: =SUMIF(B3:B54,"*Rajneesh*",V3:V54) -> 0 | G71: =SUMIF(B3:B54,"*Rajneesh*",W3:W54) -> 0 | J71: =SUMIF(B3:B54,"*Rajneesh*",AF3:AF54) -> 0 | K71: =SUMIF(B3:B54,"*Rajneesh*",AG3:AG54) -> 0 | L71: =SUMIF(B3:B54,"*Rajneesh*",AK3:AK54) -> 0 | M71: =SUMIF(B3:B555,"*Rajneesh*",AL3:AL54) -> 0 | N71: =SUM(B71,D71,F71,J71,L71) -> 0 | O71: =SUM(C71,E71,G71,K71,M71) -> 9
A72: Other | B72: =SUMIF($B$3:$B$54,"*Others*",$G$3:$G$54) -> 0 | C72: =SUMIF(B3:B54,"*Other*",H3:H54) -> 3 | D72: =SUMIF(B3:B54,"*Other*",Q3:Q54) -> 0 | E72: =SUMIF(B3:B54,"*Other*",R3:R54) -> 0 | F72: =SUMIF(B3:B54,"*Other*",V3:V54) -> 0 | G72: =SUMIF(B3:B54,"*Other*",W3:W54) -> 0 | J72: =SUMIF(B3:B54,"*Other*",AF3:AF54) -> 0 | K72: =SUMIF(B3:B54,"*Other*",AG3:AG54) -> 0 | L72: =SUMIF(B3:B54,"*Other*",AK3:AK54) -> 0 | M72: =SUMIF(B3:D54,"*Other*",AL3:AL54) -> 0 | N72: =SUM(B72,D72,F72,J72,L72) -> 0 | O72: =SUM(C72,E72,G72,K72,M72) -> 3
M73: TOTAL | N73: =SUM(N59:N72) -> 9 | O73: =SUM(O59:O72) -> 59
A75: SAFETY INSPECTION
A76: Auditor Name | B76: Nc | C76: Obs
A77: Amandeep | B77: =SUMIF(B3:B54,"*Amandeep*",L3:L54) -> 0 | C77: =SUMIF(B3:B54,"*Amandeep*",M3:M54) -> 0
A78: Ankur | B78: =SUMIF(B3:B54,"*Ankur*",L3:L54) -> 0 | C78: =SUMIF(B3:B54,"*Ankur*",M3:M54) -> 0
A79: Ashwin | B79: =SUMIF(B4:B55,"*Ashwin*",L3:L54) -> 0 | C79: =SUMIF(B4:B55,"*Ashwin*",M3:M54) -> 0
A80: Avish | B80: =SUMIF(B5:B56,"*Avish*",L3:L54) -> 0 | C80: =SUMIF(B5:B56,"*Ashwin*",M3:M54) -> 0
A81: Jay | B81: =SUMIF(B3:B54,"*Jay*",L3:L54) -> 0 | C81: =SUMIF(B4:B55,"*Jay*",M3:M54) -> 0
A82: Venster | B82: =SUMIF(B3:B54,"*Venster*",L3:L54) -> 0 | C82: =SUMIF(B3:B54,"*Venster*",M3:M54) -> 0
A83: Naveen | B83: =SUMIF(B3:B54,"*Naveen*",L3:L54) -> 0 | C83: =SUMIF(B3:B54,"*Naveen*",M3:M54) -> 2
A84: Maqsood | B84: =SUMIF(B3:B54,"*Maqsood*",L3:L54) -> 0 | C84: =SUMIF(B3:B54,"*Maqsood*",M3:M54) -> 0
A85: Manpreet | B85: =SUMIF(B2:B54,"*Manpreet*",L3:L54) -> 0 | C85: =SUMIF(B2:B54,"*Manpreet*",M3:M54) -> 0
A86: Siddharth | B86: =SUMIF(B3:B54,"*Siddharth*",L3:L54) -> 0 | C86: =SUMIF(B3:B54,"*Siddharth*",M3:M54) -> 7
A87: Kaustubh | B87: =SUMIF(B3:B54,"*Kaustubh*",L3:L54) -> 0 | C87: =SUMIF(B3:B54,"*Kaustubh*",M3:M54) -> 6
A88: Lalit | B88: =SUMIF(B3:B54,"*Lalit*",L3:L54) -> 1 | C88: =SUMIF(B3:B54,"*Lalit*",M3:M54) -> 5
A89: Rajneesh | B89: =SUMIF(B3:B54,"*Rajneesh*",L3:L54) -> 0 | C89: =SUMIF(B6:B57,"*Siddharth*",M6:M57) -> 7
A90: Other | B90: =SUMIF(B3:B54,"*Other*",L3:L54) -> 0 | C90: =SUMIF(B3:B54,"*Other*",M3:M54) -> 5
A95: ENVIRONMENTAL AUDIT
B96: Remarks | C96: Non Conformity | D96: Observation | E96: Inspection | F96: Average Remarks | G96: Avrage Nc | H96: Average obs
A97: =' IA-SI DRY'!B4 -> Cielo di Valparaiso | B97: =SUM(U3:U6) -> 0 | C97: =SUM(V3:V6) -> 0 | D97: =SUM(W3:W6) -> 0 | E97: =COUNTIF(S3:S6,"*") -> 0 | F97: =B97/E97 -> #DIV/0! | G97: =C97/E97 -> #DIV/0! | H97: =D97/E97 -> #DIV/0!
A98: =' IA-SI DRY'!B5 -> Cielo Dei Maronti | B98: =SUM(U7:U10) -> 0 | C98: =SUM(V7:V10) -> 0 | D98: =SUM(W7:W10) -> 0 | E98: =COUNTIF(S7:S10,"*") -> 0 | F98: =B98/E98 -> #DIV/0! | G98: =C98/E98 -> #DIV/0! | H98: =D98/E98 -> #DIV/0!
A99: =' IA-SI DRY'!B6 -> Medi Adriatico | B99: =SUM(U11:U14) -> 0 | C99: =SUM(V11:V14) -> 0 | D99: =SUM(W11:W14) -> 0 | E99: =COUNTIF(S11:S14,"*") -> 0 | F99: =B99/E99 -> #DIV/0! | G99: =C99/E99 -> #DIV/0! | H99: =D99/E99 -> #DIV/0!
A100: =' IA-SI DRY'!B7 -> Medi Atlantico | B100: =SUM(U15:U18) -> 0 | C100: =SUM(V15:V18) -> 0 | D100: =SUM(W15:W18) -> 0 | E100: =COUNTIF(S15:S18,"*") -> 0 | F100: =B100/E100 -> #DIV/0! | G100: =C100/E100 -> #DIV/0! | H100: =D100/E100 -> #DIV/0!
A101: Medi Caboto | B101: =SUM(U19:U22) -> 0 | C101: =SUM(V19:V22) -> 0 | D101: =SUM(W19:W22) -> 0 | E101: =COUNTIF(S19:S22,"*") -> 0 | F101: =B101/E101 -> #DIV/0! | G101: =C101/E101 -> #DIV/0! | H101: =D101/E101 -> #DIV/0!
A102: =' IA-SI DRY'!B8 -> Medi Egadi | B102: =SUM(U23:U26) -> 1 | C102: =SUM(V23:V26) -> 0 | D102: =SUM(W23:W26) -> 1 | E102: =COUNTIF(S23:S26,"*") -> 1 | F102: =B102/E102 -> 1 | G102: =C102/E102 -> 0 | H102: =D102/E102 -> 1
A103: =' IA-SI DRY'!B9 -> Medi Egeo | B103: =SUM(U27:U30) -> 0 | C103: =SUM(V27:V30) -> 0 | D103: =SUM(W27:W30) -> 0 | E103: =COUNTIF(S27:S30,"*") -> 0 | F103: =B103/E103 -> #DIV/0! | G103: =C103/E103 -> #DIV/0! | H103: =D103/E103 -> #DIV/0!
A104: =' IA-SI DRY'!B10 -> Medi Matsuura | B104: =SUM(U31:U34) -> 0 | C104: =SUM(V31:V34) -> 0 | D104: =SUM(W31:W34) -> 0 | E104: =SUM(X31:X34) -> 0 | F104: =B104/E104 -> #DIV/0! | G104: =C104/E104 -> #DIV/0! | H104: =D104/E104 -> #DIV/0!
A105: =' IA-SI DRY'!B11 -> Medi Palmarola | B105: =SUM(U35:U38) -> 4 | C105: =SUM(V35:V38) -> 1 | D105: =SUM(W35:W38) -> 3 | E105: =COUNTIF(S35:S38,"*") -> 1 | F105: =B105/E105 -> 4 | G105: =C105/E105 -> 1 | H105: =D105/E105 -> 3
A106: =' IA-SI DRY'!B12 -> Medi Sydney | B106: =SUM(U39:U42) -> 0 | C106: =SUM(V39:V42) -> 0 | D106: =SUM(W39:W42) -> 0 | E106: =SUM(X39:X42) -> 0 | F106: =B106/E106 -> #DIV/0! | G106: =C106/E106 -> #DIV/0! | H106: =D106/E106 -> #DIV/0!
A107: =' IA-SI DRY'!B13 -> Medi Tirreno | B107: =SUM(U43:U46) -> 0 | C107: =SUM(V43:V46) -> 0 | D107: =SUM(W43:W46) -> 0 | E107: =COUNTIF(S43:S46,"*") -> 0 | F107: =B107/E107 -> #DIV/0! | G107: =C107/E107 -> #DIV/0! | H107: =D107/E107 -> #DIV/0!
...

Sheet Tanker Data
D1: INTERNAL AUDIT 2024 | I1: SAFETY INSPECTION 2024 | N1: NAVIGATIONAL AUDIT 2024 | S1: ENVIRONMENTAL AUDIT 2024 | X1: CARGO OPERATION AUDIT 2024 | AC1: ISPS AUDIT 2024 | AH1: MOORING AUDIT 2024 | AR1: Date: dd/mm/yyyy
A2: Vessel | B2: Auditor Name | C2: Place | D2: Internal Audit date | E2: Report date | F2: Remarks | G2: NC | H2: Obs | I2: Safety Inspection date | J2: Report date | K2: Remarks | L2: NC | M2: Obs | N2: Nav Audit date | O2: Report date | P2: Remarks | Q2: NC | R2: Obs | S2: Env Audit date | T2: Report date | U2: Remarks | V2: NC | W2: Obs | X2: Cargo Op Audit date | Y2: Report date | Z2: Remarks | AA2: NC | AB2: Obs | AC2: ISPS Audit date | AD2: Report date | AE2: Remarks | AF2: NC | AG2: Obs | AH2: Mooring Audit date | AI2: Report date | AJ2: Remarks | AK2: NC | AL2: Obs | AM2: Training Date | AN2: Vetting Date Company | AP2: Embarkation Port | AQ2: Disembarkation Port | AR2: Travel out | AS2: Onboard | AT2: Off vessel | AU2: Travel in | AV2: Total days | AW2: Days on board
A3: ='IA-SI TANKER'!B4 -> Alpine Pembroke (Sold) | F3: =G3+H3 -> 0 | K3: =L3+M3 -> 0 | P3: =Q3+R3 -> 0 | U3: =V3+W3 -> 0 | Z3: =AA3+AB3 -> 0 | AE3: =AF3+AG3 -> 0 | AJ3: =AK3+AL3 -> 0 | AV3: =AU3-AR3 -> 0 | AW3: =AT3-AS3 -> 0
F4: =G4+H4 -> 0 | K4: =L4+M4 -> 0 | P4: =Q4+R4 -> 0 | U4: =V4+W4 -> 0 | Z4: =AA4+AB4 -> 0 | AE4: =AF4+AG4 -> 0 | AJ4: =AK4+AL4 -> 0 | AV4: =AU4-AR4 -> 0 | AW4: =AT4-AS4 -> 0
F5: =G5+H5 -> 0 | K5: =L5+M5 -> 0 | P5: =Q5+R5 -> 0 | U5: =V5+W5 -> 0 | Z5: =AA5+AB5 -> 0 | AE5: =AF5+AG5 -> 0 | AJ5: =AK5+AL5 -> 0 | AV5: =AU5-AR5 -> 0 | AW5: =AT5-AS5 -> 0
F6: =G6+H6 -> 0 | K6: =L6+M6 -> 0 | P6: =Q6+R6 -> 0 | U6: =V6+W6 -> 0 | Z6: =AA6+AB6 -> 0 | AE6: =AF6+AG6 -> 0 | AJ6: =AK6+AL6 -> 0 | AV6: =AU6-AR6 -> 0 | AW6: =AT6-AS6 -> 0
A7: ='IA-SI TANKER'!B5 -> Alpine Pioneer (Sold) | F7: =G7+H7 -> 0 | K7: =L7+M7 -> 0 | P7: =Q7+R7 -> 0 | U7: =V7+W7 -> 0 | Z7: =AA7+AB7 -> 0 | AE7: =AF7+AG7 -> 0 | AJ7: =AK7+AL7 -> 0 | AV7: =AU7-AR7 -> 0 | AW7: =AT7-AS7 -> 0
F8: =G8+H8 -> 0 | K8: =L8+M8 -> 0 | P8: =Q8+R8 -> 0 | U8: =V8+W8 -> 0 | Z8: =AA8+AB8 -> 0 | AE8: =AF8+AG8 -> 0 | AJ8: =AK8+AL8 -> 0 | AV8: =AU8-AR8 -> 0 | AW8: =AT8-AS8 -> 0
F9: =G9+H9 -> 0 | K9: =L9+M9 -> 0 | P9: =Q9+R9 -> 0 | U9: =V9+W9 -> 0 | Z9: =AA9+AB9 -> 0 | AE9: =AF9+AG9 -> 0 | AJ9: =AK9+AL9 -> 0 | AV9: =AU9-AR9 -> 0 | AW9: =AT9-AS9 -> 0
F10: =G10+H10 -> 0 | K10: =L10+M10 -> 0 | P10: =Q10+R10 -> 0 | U10: =V10+W10 -> 0 | Z10: =AA10+AB10 -> 0 | AE10: =AF10+AG10 -> 0 | AJ10: =AK10+AL10 -> 0 | AV10: =AU10-AR10 -> 0 | AW10: =AT10-AS10 -> 0
A11: ='IA-SI TANKER'!B6 -> Bagheera | B11: Naveen | C11: Port/Navigation | D11: 01.05.2024 | E11: 01.05.2024 | F11: =G11+H11 -> 5 | G11: 0 | H11: 5 | I11: 01.05.2024 | J11: 01.05.2024 | K11: =L11+M11 -> 5 | L11: 0 | M11: 5 | N11: 01.05.2024 | O11: 45413 | P11: =Q11+R11 -> 3 | Q11: 0 | R11: 3 | S11: 01.05.2024 | T11: 01.05.2024 | U11: =V11+W11 -> 2 | V11: 0 | W11: 2 | X11: 01.05.2024 | Y11: 01.05.2024 | Z11: =AA11+AB11 -> 4 | AA11: 0 | AB11: 4 | AC11: 01.05.2024 | AD11: 01.05.2024 | AE11: =AF11+AG11 -> 0 | AF11: 0 | AG11: 0 | AH11: 01.05.2024 | AI11: 01.05.2024 | AJ11: =AK11+AL11 -> 2 | AK11: 0 | AL11: 2 | AM11: 01.05.2024 | AP11: Fos | AQ11: Lavera | AR11: 45399 | AS11: 45399 | AT11: 45413 | AU11: 45415 | AV11: =AU11-AR11 -> 16 | AW11: =AT11-AS11 -> 14
F12: =G12+H12 -> 0 | K12: =L12+M12 -> 0 | P12: =Q12+R12 -> 0 | U12: =V12+W12 -> 0 | Z12: =AA12+AB12 -> 0 | AE12: =AF12+AG12 -> 0 | AJ12: =AK12+AL12 -> 0 | AV12: =AU12-AR12 -> 0 | AW12: =AT12-AS12 -> 0
F13: =G13+H13 -> 0 | K13: =L13+M13 -> 0 | P13: =Q13+R13 -> 0 | U13: =V13+W13 -> 0 | Z13: =AA13+AB13 -> 0 | AE13: =AF13+AG13 -> 0 | AJ13: =AK13+AL13 -> 0 | AV13: =AU13-AR13 -> 0 | AW13: =AT13-AS13 -> 0
F14: =G14+H14 -> 0 | K14: =L14+M14 -> 0 | P14: =Q14+R14 -> 0 | U14: =V14+W14 -> 0 | Z14: =AA14+AB14 -> 0 | AE14: =AF14+AG14 -> 0 | AJ14: =AK14+AL14 -> 0 | AV14: =AU14-AR14 -> 0 | AW14: =AT14-AS14 -> 0
A15: Bantry Bay | B15: Rajneesh | C15: Port/Navigation | D15: 22.08.2024 | E15: 22.08.2024 | F15: =G15+H15 -> 6 | G15: 0 | H15: 6 | I15: 22.08.2024 | J15: 22.08.2024 | K15: =L15+M15 -> 6 | L15: 0 | M15: 6 | N15: 22.08.2024 | O15: 22.08.2024 | P15: =Q15+R15 -> 3 | Q15: 0 | R15: 3 | S15: 22.08.2024 | T15: 22.08.2024 | U15: =V15+W15 -> 6 | V15: 0 | W15: 6 | X15: 22.08.2024 | Y15: 22.08.2024 | Z15: =AA15+AB15 -> 6 | AA15: 0 | AB15: 6 | AC15: 22.08.2024 | AD15: 22.08.2024 | AE15: =AF15+AG15 -> 0 | AF15: 0 | AG15: 0 | AH15: 22.08.2024 | AI15: 22.08.2024 | AJ15: =AK15+AL15 -> 3 | AK15: 0 | AL15: 3 | AM15: 22.08.2024 | AP15: St Charles | AQ15: Balboa | AR15: 45515 | AS15: 45517 | AT15: 45526 | AU15: 45529 | AV15: =AU15-AR15 -> 14 | AW15: =AT15-AS15 -> 9
F16: =G16+H16 -> 0 | K16: =L16+M16 -> 0 | P16: =Q16+R16 -> 0 | U16: =V16+W16 -> 0 | Z16: =AA16+AB16 -> 0 | AE16: =AF16+AG16 -> 0 | AJ16: =AK16+AL16 -> 0 | AV16: =AU16-AR16 -> 0 | AW16: =AT16-AS16 -> 0
F17: =G17+H17 -> 0 | K17: =L17+M17 -> 0 | P17: =Q17+R17 -> 0 | U17: =V17+W17 -> 0 | Z17: =AA17+AB17 -> 0 | AE17: =AF17+AG17 -> 0 | AJ17: =AK17+AL17 -> 0 | AV17: =AU17-AR17 -> 0 | AW17: =AT17-AS17 -> 0
F18: =G18+H18 -> 0 | K18: =L18+M18 -> 0 | P18: =Q18+R18 -> 0 | U18: =V18+W18 -> 0 | Z18: =AA18+AB18 -> 0 | AE18: =AF18+AG18 -> 0 | AJ18: =AK18+AL18 -> 0 | AV18: =AU18-AR18 -> 0 | AW18: =AT18-AS18 -> 0
A19: ='IA-SI TANKER'!B8 -> Bright Future | B19: Ashwin | C19: Port | D19: 45466 | E19: 45466 | F19: =G19+H19 -> 5 | G19: 1 | H19: 4 | I19: 45466 | J19: 45466 | K19: =L19+M19 -> 5 | L19: 0 | M19: 5 | N19: 45466 | O19: 45466 | P19: =Q19+R19 -> 4 | Q19: 0 | R19: 4 | U19: =V19+W19 -> 0 | Z19: =AA19+AB19 -> 0 | AC19: 45466 | AD19: 45466 | AE19: =AF19+AG19 -> 0 | AF19: 0 | AG19: 0 | AJ19: =AK19+AL19 -> 0 | AP19: Mumbai | AQ19: Vadinar | AR19: 45463 | AS19: 45463 | AT19: 45466 | AU19: 45466 | AV19: =AU19-AR19 -> 3 | AW19: =AT19-AS19 -> 3
F20: =G20+H20 -> 0 | K20: =L20+M20 -> 0 | P20: =Q20+R20 -> 0 | U20: =V20+W20 -> 0 | Z20: =AA20+AB20 -> 0 | AE20: =AF20+AG20 -> 0 | AJ20: =AK20+AL20 -> 0 | AV20: =AU20-AR20 -> 0 | AW20: =AT20-AS20 -> 0
F21: =G21+H21 -> 0 | K21: =L21+M21 -> 0 | P21: =Q21+R21 -> 0 | U21: =V21+W21 -> 0 | Z21: =AA21+AB21 -> 0 | AE21: =AF21+AG21 -> 0 | AJ21: =AK21+AL21 -> 0 | AV21: =AU21-AR21 -> 0 | AW21: =AT21-AS21 -> 0
F22: =G22+H22 -> 0 | K22: =L22+M22 -> 0 | P22: =Q22+R22 -> 0 | U22: =V22+W22 -> 0 | Z22: =AA22+AB22 -> 0 | AE22: =AF22+AG22 -> 0 | AJ22: =AK22+AL22 -> 0 | AV22: =AU22-AR22 -> 0 | AW22: =AT22-AS22 -> 0
A23: ='IA-SI TANKER'!B9 -> Cielo di Houston | B23: Naveen | C23: Port/Navigation | D23: 09.10.2024 | E23: 09.10.2024 | F23: =G23+H23 -> 4 | G23: 0 | H23: 4 | I23: 09.10.2024 | J23: 09.10.2024 | K23: =L23+M23 -> 4 | L23: 0 | M23: 4 | N23: 09.10.2024 | O23: 09.10.2024 | P23: =Q23+R23 -> 2 | Q23: 0 | R23: 2 | S23: 09.10.2024 | T23: 09.10.2024 | U23: =V23+W23 -> 1 | V23: 0 | W23: 1 | X23: 09.10.2024 | Y23: 09.10.2024 | Z23: =AA23+AB23 -> 2 | AA23: 0 | AB23: 2 | AC23: 09.10.2024 | AD23: 09.10.2024 | AE23: =AF23+AG23 -> 0 | AF23: 0 | AG23: 0 | AH23: 09.10.2024 | AI23: 09.10.2024 | AJ23: =AK23+AL23 -> 0 | AK23: 0 | AL23: 0 | AM23: 09.10.2024 | AN23: 02.10.2024 | AO23: Viva Australia | AP23: Singapore | AQ23: Singapore | AR23: 45566 | AS23: 45566 | AT23: 45575 | AU23: 45575 | AV23: =AU23-AR23 -> 9 | AW23: =AT23-AS23 -> 9
B24: Jay | C24: Port | D24: 45302 | E24: 45302 | F24: =G24+H24 -> 2 | G24: 0 | H24: 2 | I24: 45302 | J24: 45302 | K24: =L24+M24 -> 2 | L24: 0 | M24: 2 | P24: =Q24+R24 -> 0 | U24: =V24+W24 -> 0 | Z24: =AA24+AB24 -> 0 | AC24: 45302 | AD24: 45302 | AE24: =AF24+AG24 -> 0 | AJ24: =AK24+AL24 -> 0 | AP24: Shanghai | AQ24: Shanghai | AR24: 45299 | AS24: 45299 | AT24: 45302 | AU24: 45302 | AV24: =AU24-AR24 -> 3 | AW24: =AT24-AS24 -> 3
F25: =G25+H25 -> 0 | K25: =L25+M25 -> 0 | P25: =Q25+R25 -> 0 | U25: =V25+W25 -> 0 | Z25: =AA25+AB25 -> 0 | AE25: =AF25+AG25 -> 0 | AJ25: =AK25+AL25 -> 0 | AV25: =AU25-AR25 -> 0 | AW25: =AT25-AS25 -> 0
F26: =G26+H26 -> 0 | K26: =L26+M26 -> 0 | P26: =Q26+R26 -> 0 | U26: =V26+W26 -> 0 | Z26: =AA26+AB26 -> 0 | AE26: =AF26+AG26 -> 0 | AJ26: =AK26+AL26 -> 0 | AV26: =AU26-AR26 -> 0 | AW26: =AT26-AS26 -> 0
A27: ='IA-SI TANKER'!B10 -> Cielo Rosso | B27: Naveen | C27: Port | D27: 14.05.2024 | E27: 14.05.2024 | F27: =G27+H27 -> 2 | G27: 0 | H27: 2 | I27: 14.05.2024 | J27: 14.05.2024 | K27: =L27+M27 -> 2 | L27: 0 | M27: 2 | P27: =Q27+R27 -> 0 | U27: =V27+W27 -> 0 | Z27: =AA27+AB27 -> 0 | AC27: 14.05.2024 | AD27: 14.05.2024 | AE27: =AF27+AG27 -> 0 | AF27: 0 | AG27: 0 | AJ27: =AK27+AL27 -> 0 | AP27: Sikka | AQ27: Sikka | AR27: 45423 | AS27: 45423 | AT27: 45426 | AU27: 45426 | AV27: =AU27-AR27 -> 3 | AW27: =AT27-AS27 -> 3
B28: Jay | C28: Port | D28: 04.12.2024 | E28: 4.12.2024 | F28: =G28+H28 -> 3 | G28: 0 | H28: 3 | I28: 4.12.2024 | J28: 4.12.2024 | K28: =L28+M28 -> 4 | L28: 0 | M28: 4 | N28: 04.12.2024 | O28: 04.12.2024 | P28: =Q28+R28 -> 1 | Q28: 0 | R28: 1 | U28: =V28+W28 -> 0 | X28: 04.12.2024 | Y28: 04.12.2024 | Z28: =AA28+AB28 -> 0 | AA28: 0 | AB28: 0 | AC28: 4.12.2024 | AD28: 4.12.2024 | AE28: =AF28+AG28 -> 0 | AF28: 0 | AG28: 0 | AH28: 04.12.2024 | AI28: 04.12.2024 | AJ28: =AK28+AL28 -> 2 | AK28: 0 | AL28: 2 | AP28: Long Beach | AQ28: Long Beach | AR28: 45625 | AS28: 45627 | AT28: 45630 | AU28: 45631 | AV28: =AU28-AR28 -> 6 | AW28: =AT28-AS28 -> 3
F29: =G29+H29 -> 0 | K29: =L29+M29 -> 0 | P29: =Q29+R29 -> 0 | U29: =V29+W29 -> 0 | Z29: =AA29+AB29 -> 0 | AE29: =AF29+AG29 -> 0 | AJ29: =AK29+AL29 -> 0 | AV29: =AU29-AR29 -> 0 | AW29: =AT29-AS29 -> 0
F30: =G30+H30 -> 0 | K30: =L30+M30 -> 0 | P30: =Q30+R30 -> 0 | U30: =V30+W30 -> 0 | Z30: =AA30+AB30 -> 0 | AE30: =AF30+AG30 -> 0 | AJ30: =AK30+AL30 -> 0 | AV30: =AU30-AR30 -> 0 | AW30: =AT30-AS30 -> 0
A31: ='IA-SI TANKER'!B11 -> Clearocean Maria | B31: Avish | C31: Port | D31: 20.09.2024 | E31: 20.09.2024 | F31: =G31+H31 -> 6 | G31: 0 | H31: 6 | I31: 20.09.2024 | J31: 20.09.2024 | K31: =L31+M31 -> 6 | L31: 0 | M31: 6 | N31: 20.09.2024 | O31: 20.09.2024 | P31: =Q31+R31 -> 3 | Q31: 0 | R31: 3 | U31: =V31+W31 -> 0 | Z31: =AA31+AB31 -> 0 | AC31: 20.09.2024 | AD31: 20.09.2024 | AE31: =AF31+AG31 -> 0 | AF31: 0 | AG31: 0 | AJ31: =AK31+AL31 -> 0 | AP31: Singapore | AQ31: Singapore | AR31: 45552 | AS31: 45552 | AT31: 45555 | AU31: 45552 | AV31: =AU31-AR31 -> 0 | AW31: =AT31-AS31 -> 3
F32: =G32+H32 -> 0 | K32: =L32+M32 -> 0 | P32: =Q32+R32 -> 0 | U32: =V32+W32 -> 0 | Z32: =AA32+AB32 -> 0 | AE32: =AF32+AG32 -> 0 | AJ32: =AK32+AL32 -> 0 | AV32: =AU32-AR32 -> 0 | AW32: =AT32-AS32 -> 0
F33: =G33+H33 -> 0 | K33: =L33+M33 -> 0 | P33: =Q33+R33 -> 0 | U33: =V33+W33 -> 0 | Z33: =AA33+AB33 -> 0 | AE33: =AF33+AG33 -> 0 | AJ33: =AK33+AL33 -> 0 | AV33: =AU33-AR33 -> 0 | AW33: =AT33-AS33 -> 0
F34: =G34+H34 -> 0 | K34: =L34+M34 -> 0 | P34: =Q34+R34 -> 0 | U34: =V34+W34 -> 0 | Z34: =AA34+AB34 -> 0 | AE34: =AF34+AG34 -> 0 | AJ34: =AK34+AL34 -> 0 | AV34: =AU34-AR34 -> 0 | AW34: =AT34-AS34 -> 0
A35: ='IA-SI TANKER'!B12 -> Clearocean Mary | B35: Rajneesh | C35: Port/Navigation | D35: 26.11.2024 | E35: 26.11.2024 | F35: =G35+H35 -> 4 | G35: 0 | H35: 4 | I35: 26.11.2024 | J35: 26.11.2024 | K35: =L35+M35 -> 7 | L35: 1 | M35: 6 | N35: 26.11.2024 | O35: 26.11.2024 | P35: =Q35+R35 -> 7 | Q35: 0 | R35: 7 | S35: 26.11.2024 | T35: 26.11.2024 | U35: =V35+W35 -> 6 | V35: 0 | W35: 6 | X35: 26.11.2024 | Y35: 26.11.2024 | Z35: =AA35+AB35 -> 4 | AA35: 0 | AB35: 4 | AC35: 26.11.2024 | AD35: 26.11.2024 | AE35: =AF35+AG35 -> 0 | AF35: 0 | AG35: 0 | AH35: 26.11.2024 | AI35: 26.11.2024 | AJ35: =AK35+AL35 -> 4 | AK35: 0 | AL35: 4 | AM35: 26.11.2024 | AP35: Lake charles | AQ35: San Nicholas | AR35: 45610 | AS35: 45610 | AT35: 45622 | AU35: 45624 | AV35: =AU35-AR35 -> 14 | AW35: =AT35-AS35 -> 12
F36: =G36+H36 -> 0 | K36: =L36+M36 -> 0 | P36: =Q36+R36 -> 0 | U36: =V36+W36 -> 0 | Z36: =AA36+AB36 -> 0 | AE36: =AF36+AG36 -> 0 | AJ36: =AK36+AL36 -> 0 | AV36: =AU36-AR36 -> 0 | AW36: =AT36-AS36 -> 0
F37: =G37+H37 -> 0 | K37: =L37+M37 -> 0 | P37: =Q37+R37 -> 0 | U37: =V37+W37 -> 0 | Z37: =AA37+AB37 -> 0 | AE37: =AF37+AG37 -> 0 | AJ37: =AK37+AL37 -> 0 | AV37: =AU37-AR37 -> 0 | AW37: =AT37-AS37 -> 0
F38: =G38+H38 -> 0 | K38: =L38+M38 -> 0 | P38: =Q38+R38 -> 0 | U38: =V38+W38 -> 0 | Z38: =AA38+AB38 -> 0 | AE38: =AF38+AG38 -> 0 | AJ38: =AK38+AL38 -> 0 | AV38: =AU38-AR38 -> 0 | AW38: =AT38-AS38 -> 0
A39: ='IA-SI TANKER'!B13 -> Clearocean Mathilde | B39: Naveen | C39: Port/Navigation | D39: 31.07.2024 | E39: 31.07.2024 | F39: =G39+H39 -> 3 | G39: 0 | H39: 3 | I39: 31.07.2024 | J39: 31.07.2024 | K39: =L39+M39 -> 3 | L39: 0 | M39: 3 | N39: 31.07.2024 | O39: 31.07.2024 | P39: =Q39+R39 -> 2 | Q39: 0 | R39: 2 | S39: 31.07.2024 | T39: 31.07.2024 | U39: =V39+W39 -> 2 | V39: 0 | W39: 2 | X39: 31.07.2024 | Y39: 31.07.2024 | Z39: =AA39+AB39 -> 2 | AA39: 0 | AB39: 2 | AC39: 31.07.2024 | AD39: 31.07.2024 | AE39: =AF39+AG39 -> 0 | AF39: 0 | AG39: 0 | AH39: 31.07.2024 | AI39: 31.07.2024 | AJ39: =AK39+AL39 -> 2 | AK39: 0 | AL39: 2 | AM39: 31.07.2024 | AP39: Manzanillo | AQ39: Mazatlan | AR39: 45496 | AS39: 45496 | AT39: 45504 | AU39: 45507 | AV39: =AU39-AR39 -> 11 | AW39: =AT39-AS39 -> 8
F40: =G40+H40 -> 0 | K40: =L40+M40 -> 0 | P40: =Q40+R40 -> 0 | U40: =V40+W40 -> 0 | Z40: =AA40+AB40 -> 0 | AE40: =AF40+AG40 -> 0 | AJ40: =AK40+AL40 -> 0 | AV40: =AU40-AR40 -> 0 | AW40: =AT40-AS40 -> 0
F41: =G41+H41 -> 0 | K41: =L41+M41 -> 0 | P41: =Q41+R41 -> 0 | U41: =V41+W41 -> 0 | Z41: =AA41+AB41 -> 0 | AE41: =AF41+AG41 -> 0 | AJ41: =AK41+AL41 -> 0 | AV41: =AU41-AR41 -> 0 | AW41: =AT41-AS41 -> 0
F42: =G42+H42 -> 0 | K42: =L42+M42 -> 0 | P42: =Q42+R42 -> 0 | U42: =V42+W42 -> 0 | Z42: =AA42+AB42 -> 0 | AE42: =AF42+AG42 -> 0 | AJ42: =AK42+AL42 -> 0 | AV42: =AU42-AR42 -> 0 | AW42: =AT42-AS42 -> 0
A43: ='IA-SI TANKER'!B14 -> Clearocean Music | B43: Jay | C43: Port/Navigation | D43: 26.08.2024 | E43: 26.08.2024 | F43: =G43+H43 -> 3 | G43: 1 | H43: 2 | I43: 25.10.2024 | J43: 25.10.2024 | K43: =L43+M43 -> 5 | L43: 0 | M43: 5 | N43: 25.10.2024 | O43: 25.10.2024 | P43: =Q43+R43 -> 6 | Q43: 0 | R43: 6 | S43: 25.10.2024 | T43: 25.10.2024 | U43: =V43+W43 -> 2 | V43: 0 | W43: 2 | X43: 25.10.2024 | Y43: 25.10.2024 | Z43: =AA43+AB43 -> 4 | AA43: 0 | AB43: 4 | AC43: 25.10.2024 | AD43: 25.10.2024 | AE43: =AF43+AG43 -> 0 | AF43: 0 | AG43: 0 | AH43: 25.10.2024 | AI43: 25.10.2024 | AJ43: =AK43+AL43 -> 1 | AK43: 0 | AL43: 1 | AM43: 25.10.2024 | AP43: St. Lucia | AQ43: St. Croix | AR43: 45583 | AS43: 45584 | AT43: 45590 | AU43: 45592 | AV43: =AU43-AR43 -> 9 | AW43: =AT43-AS43 -> 6
F44: =G44+H44 -> 0 | K44: =L44+M44 -> 0 | P44: =Q44+R44 -> 0 | U44: =V44+W44 -> 0 | Z44: =AA44+AB44 -> 0 | AE44: =AF44+AG44 -> 0 | AJ44: =AK44+AL44 -> 0 | AV44: =AU44-AR44 -> 0 | AW44: =AT44-AS44 -> 0
F45: =G45+H45 -> 0 | K45: =L45+M45 -> 0 | P45: =Q45+R45 -> 0 | U45: =V45+W45 -> 0 | Z45: =AA45+AB45 -> 0 | AE45: =AF45+AG45 -> 0 | AJ45: =AK45+AL45 -> 0 | AV45: =AU45-AR45 -> 0 | AW45: =AT45-AS45 -> 0
F46: =G46+H46 -> 0 | K46: =L46+M46 -> 0 | P46: =Q46+R46 -> 0 | U46: =V46+W46 -> 0 | Z46: =AA46+AB46 -> 0 | AE46: =AF46+AG46 -> 0 | AJ46: =AK46+AL46 -> 0 | AV46: =AU46-AR46 -> 0 | AW46: =AT46-AS46 -> 0
A47: ='IA-SI TANKER'!B15 -> Rui Fu Xing (Glenda Melanie) | B47: Siddharth | C47: Port/Navigation | D47: 26.05.2024 | E47: 26.05.2024 | F47: =G47+H47 -> 4 | G47: 1 | H47: 3 | I47: 26.05.2024 | J47: 26.05.2024 | K47: =L47+M47 -> 5 | L47: 0 | M47: 5 | N47: 26.05.2024 | O47: 26.05.2024 | P47: =Q47+R47 -> 2 | Q47: 0 | R47: 2 | S47: 26.05.2024 | T47: 26.05.2024 | U47: =V47+W47 -> 4 | V47: 0 | W47: 4 | X47: 26.05.2024 | Y47: 26.05.2024 | Z47: =AA47+AB47 -> 1 | AA47: 0 | AB47: 1 | AC47: 26.05.2024 | AD47: 26.05.2024 | AE47: =AF47+AG47 -> 0 | AF47: 0 | AG47: 0 | AH47: 26.05.2024 | AI47: 26.05.2024 | AJ47: =AK47+AL47 -> 2 | AK47: 0 | AL47: 2 | AM47: 26.05.2024 | AP47: Cristobal | AQ47: Beaumont | AR47: 45426 | AS47: 45426 | AT47: 45438 | AU47: 45440 | AV47: =AU47-AR47 -> 14 | AW47: =AT47-AS47 -> 12
F48: =G48+H48 -> 0 | K48: =L48+M48 -> 0 | P48: =Q48+R48 -> 0 | U48: =V48+W48 -> 0 | Z48: =AA48+AB48 -> 0 | AE48: =AF48+AG48 -> 0 | AJ48: =AK48+AL48 -> 0 | AV48: =AU48-AR48 -> 0 | AW48: =AT48-AS48 -> 0
F49: =G49+H49 -> 0 | K49: =L49+M49 -> 0 | P49: =Q49+R49 -> 0 | U49: =V49+W49 -> 0 | Z49: =AA49+AB49 -> 0 | AE49: =AF49+AG49 -> 0 | AJ49: =AK49+AL49 -> 0 | AV49: =AU49-AR49 -> 0 | AW49: =AT49-AS49 -> 0
F50: =G50+H50 -> 0 | K50: =L50+M50 -> 0 | P50: =Q50+R50 -> 0 | U50: =V50+W50 -> 0 | Z50: =AA50+AB50 -> 0 | AE50: =AF50+AG50 -> 0 | AJ50: =AK50+AL50 -> 0 | AV50: =AU50-AR50 -> 0 | AW50: =AT50-AS50 -> 0
A51: ='IA-SI TANKER'!B16 -> Glenda Melissa | B51: Ashwin | C51: Port/Navigation | D51: 06.02.2024 | E51: 06.02.2024 | F51: =G51+H51 -> 4 | G51: 0 | H51: 4 | I51: 06.02.2024 | J51: 06.02.2024 | K51: =L51+M51 -> 5 | L51: 0 | M51: 5 | P51: =Q51+R51 -> 0 | U51: =V51+W51 -> 0 | Z51: =AA51+AB51 -> 0 | AC51: 06.02.2024 | AD51: 06.02.2024 | AE51: =AF51+AG51 -> 0 | AF51: 0 | AG51: 0 | AJ51: =AK51+AL51 -> 0 | AP51: Los Angeles | AQ51: Richmond | AR51: 45323 | AS51: 45323 | AT51: 45328 | AU51: 45331 | AV51: =AU51-AR51 -> 8 | AW51: =AT51-AS51 -> 5
F52: =G52+H52 -> 0 | K52: =L52+M52 -> 0 | P52: =Q52+R52 -> 0 | U52: =V52+W52 -> 0 | Z52: =AA52+AB52 -> 0 | AE52: =AF52+AG52 -> 0 | AJ52: =AK52+AL52 -> 0 | AV52: =AU52-AR52 -> 0 | AW52: =AT52-AS52 -> 0
F53: =G53+H53 -> 0 | K53: =L53+M53 -> 0 | P53: =Q53+R53 -> 0 | U53: =V53+W53 -> 0 | Z53: =AA53+AB53 -> 0 | AE53: =AF53+AG53 -> 0 | AJ53: =AK53+AL53 -> 0 | AV53: =AU53-AR53 -> 0 | AW53: =AT53-AS53 -> 0
F54: =G54+H54 -> 0 | K54: =L54+M54 -> 0 | P54: =Q54+R54 -> 0 | U54: =V54+W54 -> 0 | Z54: =AA54+AB54 -> 0 | AE54: =AF54+AG54 -> 0 | AJ54: =AK54+AL54 -> 0 | AV54: =AU54-AR54 -> 0 | AW54: =AT54-AS54 -> 0
A55: ='IA-SI TANKER'!B17 -> Glenda Melody | B55: Siddharth | C55: Port | D55: 18.04.2024 | E55: 18.04.2024 | F55: =G55+H55 -> 6 | G55: 1 | H55: 5 | K55: =L55+M55 -> 0 | N55: 18.04.2024 | O55: 18.04.2024 | P55: =Q55+R55 -> 4 | Q55: 0 | R55: 4 | U55: =V55+W55 -> 0 | X55: 18.04.2024 | Y55: 18.04.2024 | Z55: =AA55+AB55 -> 6 | AA55: 0 | AB55: 6 | AC55: 18.04.2024 | AD55: 18.04.2024 | AE55: =AF55+AG55 -> 0 | AF55: 0 | AG55: 0 | AJ55: =AK55+AL55 -> 0 | AP55: Kandla | AQ55: Kandla | AR55: 45397 | AS55: 45397 | AT55: 45400 | AU55: 45400 | AV55: =AU55-AR55 -> 3 | AW55: =AT55-AS55 -> 3
F56: =G56+H56 -> 0 | K56: =L56+M56 -> 0 | P56: =Q56+R56 -> 0 | U56: =V56+W56 -> 0 | Z56: =AA56+AB56 -> 0 | AE56: =AF56+AG56 -> 0 | AJ56: =AK56+AL56 -> 0 | AV56: =AU56-AR56 -> 0 | AW56: =AT56-AS56 -> 0
F57: =G57+H57 -> 0 | K57: =L57+M57 -> 0 | P57: =Q57+R57 -> 0 | U57: =V57+W57 -> 0 | Z57: =AA57+AB57 -> 0 | AE57: =AF57+AG57 -> 0 | AJ57: =AK57+AL57 -> 0 | AV57: =AU57-AR57 -> 0 | AW57: =AT57-AS57 -> 0
F58: =G58+H58 -> 0 | K58: =L58+M58 -> 0 | P58: =Q58+R58 -> 0 | U58: =V58+W58 -> 0 | Z58: =AA58+AB58 -> 0 | AE58: =AF58+AG58 -> 0 | AJ58: =AK58+AL58 -> 0 | AV58: =AU58-AR58 -> 0 | AW58: =AT58-AS58 -> 0
A59: ='IA-SI TANKER'!B18 -> Glenda Meryl | B59: Maqsood | C59: Port | D59: 03.01.2024 | E59: 03.01.2024 | F59: =G59+H59 -> 3 | G59: 0 | H59: 3 | K59: =L59+M59 -> 0 | P59: =Q59+R59 -> 0 | U59: =V59+W59 -> 0 | X59: 02.01.2024 | Y59: 03.01.2024 | Z59: =AA59+AB59 -> 2 | AA59: 0 | AB59: 2 | AC59: 02.01.2024 | AD59: 03.01.2024 | AE59: =AF59+AG59 -> 0 | AF59: 0 | AG59: 0 | AH59: 02.01.2024 | AI59: 03.01.2024 | AJ59: =AK59+AL59 -> 1 | AK59: 0 | AL59: 1 | AM59: 02.01.2024 | AP59: Mumbai | AQ59: Mumbai | AR59: 45293 | AS59: 45293 | AT59: 45294 | AU59: 45294 | AV59: =AU59-AR59 -> 1 | AW59: =AT59-AS59 -> 1
B60: Kaustubh | C60: Port/Navigation | D60: 23.10.2024 | E60: 23.10.2024 | F60: =G60+H60 -> 6 | G60: 1 | H60: 5 | I60: 23.10.2024 | J60: 23.10.2024 | K60: =L60+M60 -> 9 | L60: 0 | M60: 9 | N60: 23.10.2024 | O60: 23.10.2024 | P60: =Q60+R60 -> 3 | Q60: 0 | R60: 3 | U60: =V60+W60 -> 0 | X60: 23.10.2024 | Y60: 23.10.2024 | Z60: =AA60+AB60 -> 5 | AA60: 0 | AB60: 5 | AC60: 22.10.2024 | AD60: 22.10.2024 | AE60: =AF60+AG60 -> 0 | AF60: 0 | AG60: 0 | AH60: 23.10.2024 | AI60: 23.10.2024 | AJ60: =AK60+AL60 -> 4 | AK60: 0 | AL60: 4 | AP60: Tanjun Pelapas | AQ60: Singapore | AR60: 45585 | AS60: 45586 | AT60: 45589 | AU60: 45590 | AV60: =AU60-AR60 -> 5 | AW60: =AT60-AS60 -> 3
F61: =G61+H61 -> 0 | K61: =L61+M61 -> 0 | P61: =Q61+R61 -> 0 | U61: =V61+W61 -> 0 | Z61: =AA61+AB61 -> 0 | AE61: =AF61+AG61 -> 0 | AJ61: =AK61+AL61 -> 0 | AV61: =AU61-AR61 -> 0 | AW61: =AT61-AS61 -> 0
F62: =G62+H62 -> 0 | K62: =L62+M62 -> 0 | P62: =Q62+R62 -> 0 | U62: =V62+W62 -> 0 | Z62: =AA62+AB62 -> 0 | AE62: =AF62+AG62 -> 0 | AJ62: =AK62+AL62 -> 0 | AV62: =AU62-AR62 -> 0 | AW62: =AT62-AS62 -> 0
A63: ='IA-SI TANKER'!B19 -> Herolds Bay | B63: Kaustubh | C63: Port/Navigation | D63: 06.10.2024 | E63: 06.10.2024 | F63: =G63+H63 -> 4 | G63: 0 | H63: 4 | I63: 06.10.2024 | J63: 06.10.2024 | K63: =L63+M63 -> 8 | L63: 0 | M63: 8 | N63: 06.10.2024 | O63: 06.10.2024 | P63: =Q63+R63 -> 2 | Q63: 0 | R63: 2 | S63: 06.10.2024 | T63: 06.10.2024 | U63: =V63+W63 -> 4 | V63: 0 | W63: 4 | X63: 06.10.2024 | Y63: 06.10.2024 | Z63: =AA63+AB63 -> 4 | AA63: 0 | AB63: 4 | AC63: 06.10.2024 | AD63: 06.10.2024 | AE63: =AF63+AG63 -> 0 | AF63: 0 | AG63: 0 | AH63: 06.10.2024 | AI63: 06.10.2024 | AJ63: =AK63+AL63 -> 2 | AK63: 0 | AL63: 2 | AM63: 06.10.2024 | AN63: 06.10.2024 | AO63: Preem | AP63: Pascagoula | AQ63: Puerta Cortez | AR63: 45564 | AS63: 45565 | AT63: 45571 | AU63: 45574 | AV63: =AU63-AR63 -> 10 | AW63: =AT63-AS63 -> 6
F64: =G64+H64 -> 0 | K64: =L64+M64 -> 0 | P64: =Q64+R64 -> 0 | U64: =V64+W64 -> 0 | Z64: =AA64+AB64 -> 0 | AE64: =AF64+AG64 -> 0 | AJ64: =AK64+AL64 -> 0 | AV64: =AU64-AR64 -> 0 | AW64: =AT64-AS64 -> 0
F65: =G65+H65 -> 0 | K65: =L65+M65 -> 0 | P65: =Q65+R65 -> 0 | U65: =V65+W65 -> 0 | Z65: =AA65+AB65 -> 0 | AE65: =AF65+AG65 -> 0 | AJ65: =AK65+AL65 -> 0 | AV65: =AU65-AR65 -> 0 | AW65: =AT65-AS65 -> 0
F66: =G66+H66 -> 0 | K66: =L66+M66 -> 0 | P66: =Q66+R66 -> 0 | U66: =V66+W66 -> 0 | Z66: =AA66+AB66 -> 0 | AE66: =AF66+AG66 -> 0 | AJ66: =AK66+AL66 -> 0 | AV66: =AU66-AR66 -> 0 | AW66: =AT66-AS66 -> 0
A67: ='IA-SI TANKER'!B20 -> High Explorer | B67: Lalit | C67: Port/ Navigation | D67: 27.08.2024 | E67: 27.08.2024 | F67: =G67+H67 -> 5 | G67: 1 | H67: 4 | I67: 27.08.2024 | J67: 27.08.2024 | K67: =L67+M67 -> 7 | L67: 1 | M67: 6 | N67: 27.08.2024 | O67: 27.08.2024 | P67: =Q67+R67 -> 4 | Q67: 1 | R67: 3 | S67: 27.08.2024 | T67: 27.08.2024 | U67: =V67+W67 -> 3 | V67: 1 | W67: 2 | X67: 27.08.2024 | Y67: 27.08.2024 | Z67: =AA67+AB67 -> 2 | AA67: 0 | AB67: 2 | AC67: 27.08.2024 | AD67: 27.08.2024 | AE67: =AF67+AG67 -> 0 | AF67: 0 | AG67: 0 | AH67: 27.08.2024 | AI67: 27.08.2024 | AJ67: =AK67+AL67 -> 3 | AK67: 1 | AL67: 2 | AM67: 27.08.2024 | AN67: 26.08.2024 | AO67: Viva Australia | AP67: Incheon, SK | AQ67: Caojing, China | AR67: 45517 | AS67: 45519 | AT67: 45531 | AU67: 45532 | AV67: =AU67-AR67 -> 15 | AW67: =AT67-AS67 -> 12
F68: =G68+H68 -> 0 | K68: =L68+M68 -> 0 | P68: =Q68+R68 -> 0 | U68: =V68+W68 -> 0 | Z68: =AA68+AB68 -> 0 | AE68: =AF68+AG68 -> 0 | AJ68: =AK68+AL68 -> 0 | AV68: =AU68-AR68 -> 0 | AW68: =AT68-AS68 -> 0
F69: =G69+H69 -> 0 | K69: =L69+M69 -> 0 | P69: =Q69+R69 -> 0 | U69: =V69+W69 -> 0 | Z69: =AA69+AB69 -> 0 | AE69: =AF69+AG69 -> 0 | AJ69: =AK69+AL69 -> 0 | AV69: =AU69-AR69 -> 0 | AW69: =AT69-AS69 -> 0
F70: =G70+H70 -> 0 | K70: =L70+M70 -> 0 | P70: =Q70+R70 -> 0 | U70: =V70+W70 -> 0 | Z70: =AA70+AB70 -> 0 | AE70: =AF70+AG70 -> 0 | AJ70: =AK70+AL70 -> 0 | AV70: =AU70-AR70 -> 0 | AW70: =AT70-AS70 -> 0
A71: ='IA-SI TANKER'!B21 -> High Mariner | F71: =G71+H71 -> 0 | K71: =L71+M71 -> 0 | P71: =Q71+R71 -> 0 | U71: =V71+W71 -> 0 | Z71: =AA71+AB71 -> 0 | AE71: =AF71+AG71 -> 0 | AJ71: =AK71+AL71 -> 0 | AV71: =AU71-AR71 -> 0 | AW71: =AT71-AS71 -> 0
F72: =G72+H72 -> 0 | K72: =L72+M72 -> 0 | P72: =Q72+R72 -> 0 | U72: =V72+W72 -> 0 | Z72: =AA72+AB72 -> 0 | AE72: =AF72+AG72 -> 0 | AJ72: =AK72+AL72 -> 0 | AV72: =AU72-AR72 -> 0 | AW72: =AT72-AS72 -> 0
F73: =G73+H73 -> 0 | K73: =L73+M73 -> 0 | P73: =Q73+R73 -> 0 | U73: =V73+W73 -> 0 | Z73: =AA73+AB73 -> 0 | AE73: =AF73+AG73 -> 0 | AJ73: =AK73+AL73 -> 0 | AV73: =AU73-AR73 -> 0 | AW73: =AT73-AS73 -> 0
F74: =G74+H74 -> 0 | K74: =L74+M74 -> 0 | P74: =Q74+R74 -> 0 | U74: =V74+W74 -> 0 | Z74: =AA74+AB74 -> 0 | AE74: =AF74+AG74 -> 0 | AJ74: =AK74+AL74 -> 0 | AV74: =AU74-AR74 -> 0 | AW74: =AT74-AS74 -> 0
A75: ='IA-SI TANKER'!B22 -> High Transporter | B75: Rajneesh | C75: Port/ Navigation | D75: 12.10.2024 | E75: 12.10.2024 | F75: =G75+H75 -> 7 | G75: 0 | H75: 7 | I75: 12.10.2024 | J75: 12.10.2024 | K75: =L75+M75 -> 6 | L75: 0 | M75: 6 | P75: =Q75+R75 -> 0 | S75: 12.10.2024 | T75: 12.10.2024 | U75: =V75+W75 -> 7 | V75: 0 | W75: 7 | X75: 12.10.2024 | Y75: 12.10.2024 | Z75: =AA75+AB75 -> 6 | AA75: 0 | AB75: 6 | AC75: 12.10.2024 | AD75: 12.10.2024 | AE75: =AF75+AG75 -> 0 | AF75: 0 | AG75: 0 | AJ75: =AK75+AL75 -> 0 | AM75: 12.10.2024 | AP75: Rostock | AQ75: Amsterdam | AR75: 45572 | AS75: 45572 | AT75: 45577 | AU75: 45578 | AV75: =AU75-AR75 -> 6 | AW75: =AT75-AS75 -> 5
F76: =G76+H76 -> 0 | K76: =L76+M76 -> 0 | P76: =Q76+R76 -> 0 | U76: =V76+W76 -> 0 | Z76: =AA76+AB76 -> 0 | AE76: =AF76+AG76 -> 0 | AJ76: =AK76+AL76 -> 0 | AV76: =AU76-AR76 -> 0 | AW76: =AT76-AS76 -> 0
F77: =G77+H77 -> 0 | K77: =L77+M77 -> 0 | P77: =Q77+R77 -> 0 | U77: =V77+W77 -> 0 | Z77: =AA77+AB77 -> 0 | AE77: =AF77+AG77 -> 0 | AJ77: =AK77+AL77 -> 0 | AV77: =AU77-AR77 -> 0 | AW77: =AT77-AS77 -> 0
F78: =G78+H78 -> 0 | K78: =L78+M78 -> 0 | P78: =Q78+R78 -> 0 | U78: =V78+W78 -> 0 | Z78: =AA78+AB78 -> 0 | AE78: =AF78+AG78 -> 0 | AJ78: =AK78+AL78 -> 0 | AV78: =AU78-AR78 -> 0 | AW78: =AT78-AS78 -> 0
A79: ='IA-SI TANKER'!B23 -> Kalk Bay | B79: Venster | C79: Port/Navigation | D79: 28.04.2024 | E79: 28.04.2024 | F79: 4 | G79: 0 | H79: 4 | I79: 28.04.2024 | J79: 28.04.2024 | K79: 5 | L79: 0 | M79: 5 | N79: 28.04.2024 | O79: 28.04.2024 | P79: 4 | Q79: 0 | R79: 4 | S79: 28.04.2024 | T79: 28.04.2024 | U79: 3 | V79: 0 | W79: 3 | X79: 28.04.2024 | Y79: 28.04.2024 | Z79: 4 | AA79: 0 | AB79: 4 | AC79: 28.04.2024 | AD79: 28.04.2024 | AE79: =AF79+AG79 -> 0 | AF79: 0 | AG79: 0 | AH79: 28.04.2024 | AI79: 28.04.2024 | AJ79: 3 | AK79: 0 | AL79: 0 | AM79: 22.04.2024 | AP79: Tampico | AQ79: Veracruz | AR79: 45404 | AS79: 45404 | AT79: 45410 | AU79: 45412 | AV79: =AU79-AR79 -> 8 | AW79: =AT79-AS79 -> 6
F80: =G80+H80 -> 0 | K80: =L80+M80 -> 0 | P80: =Q80+R80 -> 0 | U80: =V80+W80 -> 0 | Z80: =AA80+AB80 -> 0 | AE80: =AF80+AG80 -> 0 | AJ80: =AK80+AL80 -> 0 | AV80: =AU80-AR80 -> 0 | AW80: =AT80-AS80 -> 0
F81: =G81+H81 -> 0 | K81: =L81+M81 -> 0 | P81: =Q81+R81 -> 0 | U81: =V81+W81 -> 0 | Z81: =AA81+AB81 -> 0 | AE81: =AF81+AG81 -> 0 | AJ81: =AK81+AL81 -> 0 | AV81: =AU81-AR81 -> 0 | AW81: =AT81-AS81 -> 0
F82: =G82+H82 -> 0 | K82: =L82+M82 -> 0 | P82: =Q82+R82 -> 0 | U82: =V82+W82 -> 0 | Z82: =AA82+AB82 -> 0 | AE82: =AF82+AG82 -> 0 | AJ82: =AK82+AL82 -> 0 | AV82: =AU82-AR82 -> 0 | AW82: =AT82-AS82 -> 0
A83: ='IA-SI TANKER'!B24 -> Mossel Bay | B83: Siddharth | C83: Port/Navigation | D83: 09.12.2024 | E83: 09.12.2024 | F83: =G83+H83 -> 5 | G83: 1 | H83: 4 | I83: 09.12.2024 | J83: 09.12.2024 | K83: =L83+M83 -> 6 | L83: 0 | M83: 6 | N83: 09.12.2024 | O83: 09.12.2024 | P83: =Q83+R83 -> 1 | Q83: 0 | R83: 1 | S83: 09.12.2024 | T83: 09.12.2024 | U83: =V83+W83 -> 3 | V83: 0 | W83: 3 | X83: 09.12.2024 | Y83: 09.12.2024 | Z83: =AA83+AB83 -> 2 | AA83: 0 | AB83: 2 | AC83: 09.12.2024 | AD83: 09.12.2024 | AE83: =AF83+AG83 -> 0 | AF83: 0 | AG83: 0 | AH83: 09.12.2024 | AI83: 09.12.2024 | AJ83: =AK83+AL83 -> 3 | AK83: 0 | AL83: 3 | AM83: 09.12.2024 | AP83: Singapore | AQ83: Port Klang | AR83: 45626 | AS83: 45627 | AT83: 45635 | AU83: 45635 | AV83: =AU83-AR83 -> 9 | AW83: =AT83-AS83 -> 8
F84: =G84+H84 -> 0 | K84: =L84+M84 -> 0 | P84: =Q84+R84 -> 0 | U84: =V84+W84 -> 0 | Z84: =AA84+AB84 -> 0 | AE84: =AF84+AG84 -> 0 | AJ84: =AK84+AL84 -> 0 | AV84: =AU84-AR84 -> 0 | AW84: =AT84-AS84 -> 0
F85: =G85+H85 -> 0 | K85: =L85+M85 -> 0 | P85: =Q85+R85 -> 0 | U85: =V85+W85 -> 0 | Z85: =AA85+AB85 -> 0 | AE85: =AF85+AG85 -> 0 | AJ85: =AK85+AL85 -> 0 | AV85: =AU85-AR85 -> 0 | AW85: =AT85-AS85 -> 0
F86: =G86+H86 -> 0 | K86: =L86+M86 -> 0 | P86: =Q86+R86 -> 0 | U86: =V86+W86 -> 0 | Z86: =AA86+AB86 -> 0 | AE86: =AF86+AG86 -> 0 | AJ86: =AK86+AL86 -> 0 | AV86: =AU86-AR86 -> 0 | AW86: =AT86-AS86 -> 0
A87: ='IA-SI TANKER'!B25 -> Philotimos | B87: Jay | C87: Port/Navigation | D87: 07.08.2024 | E87: 07.08.2024 | F87: =G87+H87 -> 3 | G87: 0 | H87: 3 | I87: 07.08.2024 | J87: 07.08.2024 | K87: =L87+M87 -> 6 | L87: 1 | M87: 5 | N87: 07.08.2024 | O87: 07.08.2024 | P87: =Q87+R87 -> 2 | Q87: 0 | R87: 2 | U87: =V87+W87 -> 0 | Z87: =AA87+AB87 -> 0 | AC87: 07.08.2024 | AD87: 07.08.2024 | AE87: =AF87+AG87 -> 1 | AF87: 0 | AG87: 1 | AJ87: =AK87+AL87 -> 0 | AP87: Trieste | AQ87: Sidi Kerir | AR87: 45498 | AS87: 45498 | AT87: 45511 | AU87: 45512 | AV87: =AU87-AR87 -> 14 | AW87: =AT87-AS87 -> 13
F88: =G88+H88 -> 0 | K88: =L88+M88 -> 0 | P88: =Q88+R88 -> 0 | U88: =V88+W88 -> 0 | Z88: =AA88+AB88 -> 0 | AE88: =AF88+AG88 -> 0 | AJ88: =AK88+AL88 -> 0 | AV88: =AU88-AR88 -> 0 | AW88: =AT88-AS88 -> 0
F89: =G89+H89 -> 0 | K89: =L89+M89 -> 0 | P89: =Q89+R89 -> 0 | U89: =V89+W89 -> 0 | Z89: =AA89+AB89 -> 0 | AE89: =AF89+AG89 -> 0 | AJ89: =AK89+AL89 -> 0 | AV89: =AU89-AR89 -> 0 | AW89: =AT89-AS89 -> 0
F90: =G90+H90 -> 0 | K90: =L90+M90 -> 0 | P90: =Q90+R90 -> 0 | U90: =V90+W90 -> 0 | Z90: =AA90+AB90 -> 0 | AE90: =AF90+AG90 -> 0 | AJ90: =AK90+AL90 -> 0 | AV90: =AU90-AR90 -> 0 | AW90: =AT90-AS90 -> 0
A91: ='IA-SI TANKER'!B26 -> Philoxenia | B91: Venster | C91: Port/Navigation | D91: 24.01.2024 | E91: 24.01.2024 | F91: =G91+H91 -> 2 | G91: 0 | H91: 2 | I91: 24.01.2024 | J91: 24.01.2024 | K91: =L91+M91 -> 4 | L91: 0 | M91: 4 | N91: 24.01.2024 | O91: 24.01.2024 | P91: =Q91+R91 -> 4 | Q91: 0 | R91: 4 | S91: 24.01.2024 | T91: 24.01.2024 | U91: =V91+W91 -> 1 | V91: 0 | W91: 1 | X91: 24.01.2024 | Y91: 24.01.2024 | Z91: =AA91+AB91 -> 1 | AA91: 0 | AB91: 1 | AC91: 24.01.2024 | AD91: 24.01.2024 | AE91: =AF91+AG91 -> 0 | AF91: 0 | AG91: 0 | AH91: 24.01.2024 | AI91: 24.01.2024 | AJ91: =AK91+AL91 -> 1 | AK91: 0 | AL91: 1 | AM91: 13.01.2024 | AP91: Daesan | AQ91: Taichung | AR91: 45298 | AS91: 45299 | AT91: 45315 | AU91: 45316 | AV91: =AU91-AR91 -> 18 | AW91: =AT91-AS91 -> 16
B92: Jay | C92: Port | D92: 25.11.2024 | E92: 25.11.2024 | F92: =G92+H92 -> 3 | G92: 0 | H92: 3 | K92: =L92+M92 -> 0 | P92: =Q92+R92 -> 0 | U92: =V92+W92 -> 0 | Z92: =AA92+AB92 -> 0 | AC92: 25.11.2024 | AD92: 25.11.2024 | AE92: =AF92+AG92 -> 0 | AF92: 0 | AG92: 0 | AJ92: =AK92+AL92 -> 0 | AP92: Cebu | AQ92: Cebu | AR92: 45620 | AS92: 45621 | AT92: 45621 | AU92: 45623 | AV92: =AU92-AR92 -> 3 | AW92: =AT92-AS92 -> 0
B93: Lalit | C93: Port | F93: =G93+H93 -> 0 | I93: 19.12.2024 | J93: 19.12.2024 | K93: =L93+M93 -> 4 | L93: 1 | M93: 3 | P93: =Q93+R93 -> 0 | U93: =V93+W93 -> 0 | Z93: =AA93+AB93 -> 0 | AE93: =AF93+AG93 -> 0 | AJ93: =AK93+AL93 -> 0 | AV93: =AU93-AR93 -> 0 | AW93: =AT93-AS93 -> 0
F94: =G94+H94 -> 0 | K94: =L94+M94 -> 0 | P94: =Q94+R94 -> 0 | U94: =V94+W94 -> 0 | Z94: =AA94+AB94 -> 0 | AE94: =AF94+AG94 -> 0 | AJ94: =AK94+AL94 -> 0 | AV94: =AU94-AR94 -> 0 | AW94: =AT94-AS94 -> 0
A95: ='IA-SI TANKER'!B27 -> PNX Conqueror | B95: Jay | C95: Port | D95: 13.01.2024 | E95: 13.01.2024 | F95: =G95+H95 -> 2 | G95: 0 | H95: 2 | I95: 13.01.2024 | J95: 13.01.2024 | K95: =L95+M95 -> 5 | L95: 0 | M95: 5 | P95: =Q95+R95 -> 0 | U95: =V95+W95 -> 0 | Z95: =AA95+AB95 -> 0 | AC95: 13.01.2024 | AD95: 13.01.2024 | AE95: =AF95+AG95 -> 0 | AF95: 0 | AG95: 0 | AJ95: =AK95+AL95 -> 0 | AP95: Ningbo | AQ95: Ningbo | AR95: 45302 | AS95: 45303 | AT95: 45304 | AU95: 45304 | AV95: =AU95-AR95 -> 2 | AW95: =AT95-AS95 -> 1
B96: Jay | C96: Port/Navigation | F96: =G96+H96 -> 0 | K96: =L96+M96 -> 0 | N96: 15.02.2024 | O96: 15.02.2024 | P96: =Q96+R96 -> 3 | Q96: 0 | R96: 3 | S96: 15.02.2024 | T96: 15.02.2024 | U96: =V96+W96 -> 2 | V96: 0 | W96: 2 | X96: 15.02.2024 | Y96: 15.02.2024 | Z96: =AA96+AB96 -> 2 | AA96: 0 | AB96: 2 | AE96: =AF96+AG96 -> 0 | AH96: 15.02.2024 | AI96: 15.02.2024 | AJ96: =AK96+AL96 -> 2 | AK96: 0 | AL96: 2 | AP96: Yeosu | AQ96: Ningbo | AR96: 45328 | AS96: 45330 | AT96: 45337 | AU96: 45339 | AV96: =AU96-AR96 -> 11 | AW96: =AT96-AS96 -> 7
F97: =G97+H97 -> 0 | K97: =L97+M97 -> 0 | P97: =Q97+R97 -> 0 | U97: =V97+W97 -> 0 | Z97: =AA97+AB97 -> 0 | AE97: =AF97+AG97 -> 0 | AJ97: =AK97+AL97 -> 0 | AV97: =AU97-AR97 -> 0 | AW97: =AT97-AS97 -> 0
F98: =G98+H98 -> 0 | K98: =L98+M98 -> 0 | P98: =Q98+R98 -> 0 | U98: =V98+W98 -> 0 | Z98: =AA98+AB98 -> 0 | AE98: =AF98+AG98 -> 0 | AJ98: =AK98+AL98 -> 0 | AV98: =AU98-AR98 -> 0 | AW98: =AT98-AS98 -> 0
A99: ='IA-SI TANKER'!B28 -> PS Tokyo (Gone) | B99: Naveen | C99: Port/Navigation | F99: =G99+H99 -> 0 | I99: 06.02.2024 | J99: 06.02.2024 | K99: =L99+M99 -> 3 | L99: 0 | M99: 3 | N99: 06.02.2024 | O99: 06.02.2024 | P99: =Q99+R99 -> 2 | Q99: 0 | R99: 2 | S99: 06.02.2024 | T99: 06.02.2024 | U99: =V99+W99 -> 1 | V99: 0 | W99: 1 | X99: 06.02.2024 | Y99: 06.02.2024 | Z99: =AA99+AB99 -> 2 | AA99: 0 | AB99: 2 | AE99: =AF99+AG99 -> 0 | AH99: 06.02.2024 | AI99: 06.02.2024 | AJ99: =AK99+AL99 -> 1 | AK99: 0 | AL99: 1 | AM99: 06.02.2024 | AN99: 28.01.2024 | AO99: Chevron | AP99: Rio Haina | AQ99: Nederlands | AR99: 45317 | AS99: 45318 | AT99: 45328 | AU99: 45330 | AV99: =AU99-AR99 -> 13 | AW99: =AT99-AS99 -> 10
F100: =G100+H100 -> 0 | K100: =L100+M100 -> 0 | P100: =Q100+R100 -> 0 | U100: =V100+W100 -> 0 | Z100: =AA100+AB100 -> 0 | AE100: =AF100+AG100 -> 0 | AJ100: =AK100+AL100 -> 0 | AV100: =AU100-AR100 -> 0 | AW100: =AT100-AS100 -> 0
...

Sheet Int.Aud. Category
C1: INTERNAL AUDIT CATEGORY OBSERVATION
A9: General Fleet | B9: 1st Quarter | C9: 2nd Quarter | D9: 3rd Quarter | E9: 4th Quarter | F9: Total | Q9: Tanker | R9: 1st Quarter | S9: 2nd Quarter | T9: 3rd Quarter | U9: 4th Quarter | W9: Total | AF9: DRY | AG9: 1st Quarter | AH9: 2nd Quarter | AI9: 3rd Quarter | AJ9: 4th Quarter | AM9: Total
A10: No. Vess. | B10: 34 | C10: 34 | D10: 35 | E10: 37 | K10: # | Q10: No. Vess. | R10: 25 | S10: 25 | T10: 25 | U10: 26 | AF10: No. Vess. | AG10: 9 | AH10: 9 | AI10: 10 | AJ10: 11
A11: No. Aud. | B11: 8 | C11: =Q61 -> 10 | D11: =AF61 -> 13 | E11: =AU61 -> 10 | F11: =SUM(B11:E11) -> 41 | Q11: No. Aud. | R11: =SUM(B19:B48) -> 7 | S11: =SUM(Q19:Q48) -> 9 | T11: =SUM(AF19:AF48) -> 7 | U11: =SUM(AU19:AU48) -> 8 | W11: =SUM(R11:U11) -> 31 | AF11: No. Aud. | AG11: =SUM(B49:B60) -> 1 | AH11: =SUM(Q49:Q60) -> 1 | AI11: =SUM(AF49:AF60) -> 6 | AJ11: =SUM(AU49:AU60) -> 2 | AM11: =SUM(AG11:AL11) -> 10
A12: Def. | B12: =D61 -> 22 | C12: =S61 -> 44 | D12: =AH61 -> 57 | E12: =AW61 -> 46 | F12: =SUM(B12:E12) -> 169 | Q12: Def. | R12: =SUM(D19:D48) -> 19 | S12: =SUM(S19:S48) -> 39 | T12: =SUM(AH19:AH48) -> 29 | U12: =SUM(AW19:AW48) -> 36 | W12: =SUM(R12:V12) -> 123 | AF12: Def. | AG12: =SUM(D49:D60) -> 3 | AH12: =SUM(S49:S60) -> 5 | AI12: =SUM(AH49:AH60) -> 28 | AJ12: =SUM(AW49:AW60) -> 10 | AM12: =SUM(AG12:AL12) -> 46
A13: Def x Insp. | B13: =E61 -> 2.75 | C13: =T61 -> 4.4 | D13: =AI61 -> 4.3846154 | E13: =AX61 -> 4.6 | F13: =F12/F11 -> 4.1219512 | Q13: Def x Insp. | R13: =R12/R11 -> 2.7142857 | S13: =S12/S11 -> 4.3333333 | T13: =T12/T11 -> 4.1428571 | U13: =U12/U11 -> 4.5 | W13: =W12/W11 -> 3.9677419 | AF13: Def x Insp. | AG13: =AG12/AG11 -> 3 | AH13: =AH12/AH11 -> 5 | AI13: =AI12/AI11 -> 4.6666667 | AJ13: =AJ12/AJ11 -> 5 | AM13: =AM12/AM11 -> 4.6
A16: Fill in fields white and grey only
B17: 1st quarter | Q17: 2nd quarter | AF17: 3rd quarter | AU17: 4th quarter | BJ17: Total
B18: No. Insp. | D18: Def. | E18: Def x Insp | F18: 2 | G18: 3 | H18: 4 | I18: 5 | J18: 6 | K18: 7 | L18: 8 | M18: 9 | N18: 10 | O18: 11 | P18: 12 | Q18: No. Insp. | S18: Def. | T18: Def x Insp | U18: 2 | V18: 3 | W18: 4 | X18: 5 | Y18: 6 | Z18: 7 | AA18: 8 | AB18: 9 | AC18: 10 | AD18: 11 | AE18: 12 | AF18: No. Insp. | AH18: Def. | AI18: Def x Insp | AJ18: 2 | AK18: 3 | AL18: 4 | AM18: 5 | AN18: 6 | AO18: 7 | AP18: 8 | AQ18: 9 | AR18: 10 | AS18: 11 | AT18: 12 | AU18: No. Insp. | AW18: Def. | AX18: Def x Insp | AY18: 2 | AZ18: 3 | BA18: 4 | BB18: 5 | BC18: 6 | BD18: 7 | BE18: 8 | BF18: 9 | BG18: 10 | BH18: 11 | BI18: 12 | BJ18: No. Insp. | BL18: Def. | BM18: Def x Insp
A19: ='IA-SI TANKER'!B4 -> Alpine Pembroke (Sold) | D19: =SUM(F19:P19) -> 0 | E19: =(D19/B19) -> #DIV/0! | S19: =SUM(U19:AE19) -> 0 | T19: =(S19/Q19) -> #DIV/0! | AH19: =SUM(AJ19:AT19) -> 0 | AI19: =(AH19/AF19) -> #DIV/0! | AW19: =SUM(AY19:BI19) -> 0 | AX19: =(AW19/AU19) -> #DIV/0! | BJ19: =SUM(B19+Q19+AF19+AU19) -> 0 | BL19: =SUM(D19,S19,AH19,AW19) -> 0 | BM19: =(BL19/BJ19) -> #DIV/0!
A20: ='IA-SI TANKER'!B5 -> Alpine Pioneer (Sold) | D20: =SUM(F20:P20) -> 0 | E20: =(D20/B20) -> #DIV/0! | S20: =SUM(U20:AE20) -> 0 | T20: =(S20/Q20) -> #DIV/0! | AH20: =SUM(AJ20:AT20) -> 0 | AI20: =(AH20/AF20) -> #DIV/0! | AW20: =SUM(AY20:BI20) -> 0 | AX20: =(AW20/AU20) -> #DIV/0! | BJ20: =SUM(B20+Q20+AF20+AU20) -> 0 | BL20: =SUM(D20,S20,AH20,AW20) -> 0 | BM20: =(BL20/BJ20) -> #DIV/0!
A21: ='IA-SI TANKER'!B6 -> Bagheera | D21: =SUM(F21:P21) -> 0 | E21: =(D21/B21) -> #DIV/0! | Q21: 1 | S21: =SUM(U21:AE21) -> 5 | T21: =(S21/Q21) -> 5 | U21: 3 | Y21: 2 | AH21: =SUM(AJ21:AT21) -> 0 | AI21: =(AH21/AF21) -> #DIV/0! | AW21: =SUM(AY21:BI21) -> 0 | AX21: =(AW21/AU21) -> #DIV/0! | BJ21: =SUM(B21+Q21+AF21+AU21) -> 1 | BL21: =SUM(D21,S21,AH21,AW21) -> 5 | BM21: =(BL21/BJ21) -> 5
A22: ='IA-SI TANKER'!B7 -> Bantry Bay | D22: =SUM(F22:P22) -> 0 | E22: =(D22/B22) -> #DIV/0! | S22: =SUM(U22:AE22) -> 0 | T22: =(S22/Q22) -> #DIV/0! | AF22: 1 | AH22: =SUM(AJ22:AT22) -> 6 | AI22: =(AH22/AF22) -> 6 | AM22: 5 | AR22: 1 | AW22: =SUM(AY22:BI22) -> 0 | AX22: =(AW22/AU22) -> #DIV/0! | BJ22: =SUM(B22+Q22+AF22+AU22) -> 1 | BL22: =SUM(D22,S22,AH22,AW22) -> 6 | BM22: =(BL22/BJ22) -> 6
A23: ='IA-SI TANKER'!B8 -> Bright Future | D23: =SUM(F23:P23) -> 0 | E23: =(D23/B23) -> #DIV/0! | Q23: 1 | S23: =SUM(U23:AE23) -> 5 | T23: =(S23/Q23) -> 5 | U23: 1 | V23: 1 | X23: 1 | AC23: 2 | AH23: =SUM(AJ23:AT23) -> 0 | AI23: =(AH23/AF23) -> #DIV/0! | AW23: =SUM(AY23:BI23) -> 0 | AX23: =(AW23/AU23) -> #DIV/0! | BJ23: =SUM(B23+Q23+AF23+AU23) -> 1 | BL23: =SUM(D23,S23,AH23,AW23) -> 5 | BM23: =(BL23/BJ23) -> 5
A24: ='IA-SI TANKER'!B9 -> Cielo di Houston | B24: 1 | D24: =SUM(F24:P24) -> 2 | E24: =(D24/B24) -> 2 | F24: 1 | I24: 1 | S24: =SUM(U24:AE24) -> 0 | T24: =(S24/Q24) -> #DIV/0! | AH24: =SUM(AJ24:AT24) -> 0 | AI24: =(AH24/AF24) -> #DIV/0! | AU24: 1 | AW24: =SUM(AY24:BI24) -> 4 | AX24: =(AW24/AU24) -> 4 | BB24: 1 | BH24: 3 | BJ24: =SUM(B24+Q24+AF24+AU24) -> 2 | BL24: =SUM(D24,S24,AH24,AW24) -> 6 | BM24: =(BL24/BJ24) -> 3
A25: ='IA-SI TANKER'!B10 -> Cielo Rosso | D25: =SUM(F25:P25) -> 0 | E25: =(D25/B25) -> #DIV/0! | Q25: 1 | S25: =SUM(U25:AE25) -> 2 | T25: =(S25/Q25) -> 2 | X25: 2 | AH25: =SUM(AJ25:AT25) -> 0 | AI25: =(AH25/AF25) -> #DIV/0! | AU25: 1 | AW25: =SUM(AY25:BI25) -> 3 | AX25: =(AW25/AU25) -> 3 | BB25: 3 | BJ25: =SUM(B25+Q25+AF25+AU25) -> 2 | BL25: =SUM(D25,S25,AH25,AW25) -> 5 | BM25: =(BL25/BJ25) -> 2.5
A26: ='IA-SI TANKER'!B11 -> Clearocean Maria | D26: =SUM(F26:P26) -> 0 | E26: =(D26/B26) -> #DIV/0! | S26: =SUM(U26:AE26) -> 0 | T26: =(S26/Q26) -> #DIV/0! | AF26: 1 | AH26: =SUM(AJ26:AT26) -> 6 | AI26: =(AH26/AF26) -> 6 | AJ26: 2 | AM26: 2 | AP26: 2 | AW26: =SUM(AY26:BI26) -> 0 | AX26: =(AW26/AU26) -> #DIV/0! | BJ26: =SUM(B26+Q26+AF26+AU26) -> 1 | BL26: =SUM(D26,S26,AH26,AW26) -> 6 | BM26: =(BL26/BJ26) -> 6
A27: ='IA-SI TANKER'!B12 -> Clearocean Mary | D27: =SUM(F27:P27) -> 0 | E27: =(D27/B27) -> #DIV/0! | S27: =SUM(U27:AE27) -> 0 | T27: =(S27/Q27) -> #DIV/0! | AH27: =SUM(AJ27:AT27) -> 0 | AI27: =(AH27/AF27) -> #DIV/0! | AU27: 1 | AW27: =SUM(AY27:BI27) -> 4 | AX27: =(AW27/AU27) -> 4 | BB27: 1 | BE27: 1 | BG27: 1 | BH27: 1 | BJ27: =SUM(B27+Q27+AF27+AU27) -> 1 | BL27: =SUM(D27,S27,AH27,AW27) -> 4 | BM27: =(BL27/BJ27) -> 4
A28: ='IA-SI TANKER'!B13 -> Clearocean Mathilde | D28: =SUM(F28:P28) -> 0 | E28: =(D28/B28) -> #DIV/0! | S28: =SUM(U28:AE28) -> 0 | T28: =(S28/Q28) -> #DIV/0! | AF28: 1 | AH28: =SUM(AJ28:AT28) -> 3 | AI28: =(AH28/AF28) -> 3 | AM28: 2 | AN28: 1 | AW28: =SUM(AY28:BI28) -> 0 | AX28: =(AW28/AU28) -> #DIV/0! | BJ28: =SUM(B28+Q28+AF28+AU28) -> 1 | BL28: =SUM(D28,S28,AH28,AW28) -> 3 | BM28: =(BL28/BJ28) -> 3
A29: ='IA-SI TANKER'!B14 -> Clearocean Music | B29: 0 | D29: =SUM(F29:P29) -> 0 | E29: =(D29/B29) -> #DIV/0! | L29: 0 | S29: =SUM(U29:AE29) -> 0 | T29: =(S29/Q29) -> #DIV/0! | AF29: 1 | AH29: 3 | AI29: =(AH29/AF29) -> 3 | AM29: 3 | AW29: =SUM(AY29:BI29) -> 0 | AX29: =(AW29/AU29) -> #DIV/0! | BJ29: =SUM(B29+Q29+AF29+AU29) -> 1 | BL29: =SUM(D29,S29,AH29,AW29) -> 3 | BM29: =(BL29/BJ29) -> 3
A30: ='IA-SI TANKER'!B15 -> Rui Fu Xing (Glenda Melanie) | D30: =SUM(F30:P30) -> 0 | E30: =(D30/B30) -> #DIV/0! | Q30: 1 | S30: =SUM(U30:AE30) -> 4 | T30: =(S30/Q30) -> 4 | X30: 3 | Y30: 1 | AH30: =SUM(AJ30:AT30) -> 0 | AI30: =(AH30/AF30) -> #DIV/0! | AW30: =SUM(AY30:BI30) -> 0 | AX30: =(AW30/AU30) -> #DIV/0! | BJ30: =SUM(B30+Q30+AF30+AU30) -> 1 | BL30: =SUM(D30,S30,AH30,AW30) -> 4 | BM30: =(BL30/BJ30) -> 4
A31: ='IA-SI TANKER'!B16 -> Glenda Melissa | B31: 1 | D31: =SUM(F31:P31) -> 4 | E31: =(D31/B31) -> 4 | H31: 2 | I31: 1 | L31: 1 | S31: =SUM(U31:AE31) -> 0 | T31: =(S31/Q31) -> #DIV/0! | AH31: =SUM(AJ31:AT31) -> 0 | AI31: =(AH31/AF31) -> #DIV/0! | AW31: =SUM(AY31:BI31) -> 0 | AX31: =(AW31/AU31) -> #DIV/0! | BJ31: =SUM(B31+Q31+AF31+AU31) -> 1 | BL31: =SUM(D31,S31,AH31,AW31) -> 4 | BM31: =(BL31/BJ31) -> 4
A32: ='IA-SI TANKER'!B17 -> Glenda Melody | D32: =SUM(F32:P32) -> 0 | E32: =(D32/B32) -> #DIV/0! | Q32: 1 | S32: =SUM(U32:AE32) -> 6 | T32: =(S32/Q32) -> 6 | U32: 1 | V32: 1 | W32: 1 | X32: 2 | Y32: 1 | AH32: =SUM(AJ32:AT32) -> 0 | AI32: =(AH32/AF32) -> #DIV/0! | AW32: =SUM(AY32:BI32) -> 0 | AX32: =(AW32/AU32) -> #DIV/0! | BJ32: =SUM(B32+Q32+AF32+AU32) -> 1 | BL32: =SUM(D32,S32,AH32,AW32) -> 6 | BM32: =(BL32/BJ32) -> 6
A33: ='IA-SI TANKER'!B18 -> Glenda Meryl | B33: 1 | D33: =SUM(F33:P33) -> 3 | E33: =(D33/B33) -> 3 | H33: 1 | I33: 1 | O33: 1 | S33: =SUM(U33:AE33) -> 0 | T33: =(S33/Q33) -> #DIV/0! | AH33: =SUM(AJ33:AT33) -> 0 | AI33: =(AH33/AF33) -> #DIV/0! | AU33: 1 | AW33: =SUM(AY33:BI33) -> 6 | AX33: =(AW33/AU33) -> 6 | AY33: 1 | BA33: 2 | BB33: 1 | BC33: 1 | BE33: 1 | BJ33: =SUM(B33+Q33+AF33+AU33) -> 2 | BL33: =SUM(D33,S33,AH33,AW33) -> 9 | BM33: =(BL33/BJ33) -> 4.5
A34: ='IA-SI TANKER'!B19 -> Herolds Bay | D34: =SUM(F34:P34) -> 0 | E34: =(D34/B34) -> #DIV/0! | S34: =SUM(U34:AE34) -> 0 | T34: =(S34/Q34) -> #DIV/0! | AH34: =SUM(AJ34:AT34) -> 0 | AI34: =(AH34/AF34) -> #DIV/0! | AU34: 1 | AW34: =SUM(AY34:BI34) -> 4 | AX34: =(AW34/AU34) -> 4 | BB34: 4 | BJ34: =SUM(B34+Q34+AF34+AU34) -> 1 | BL34: =SUM(D34,S34,AH34,AW34) -> 4 | BM34: =(BL34/BJ34) -> 4
A35: ='IA-SI TANKER'!B20 -> High Explorer | D35: =SUM(F35:P35) -> 0 | E35: =(D35/B35) -> #DIV/0! | S35: =SUM(U35:AE35) -> 0 | T35: =(S35/Q35) -> #DIV/0! | AF35: 1 | AH35: =SUM(AJ35:AT35) -> 5 | AI35: =(AH35/AF35) -> 5 | AL35: 1 | AM35: 3 | AQ35: 1 | AW35: =SUM(AY35:BI35) -> 0 | AX35: =(AW35/AU35) -> #DIV/0! | BJ35: =SUM(B35+Q35+AF35+AU35) -> 1 | BL35: =SUM(D35,S35,AH35,AW35) -> 5 | BM35: =(BL35/BJ35) -> 5
A36: ='IA-SI TANKER'!B21 -> High Mariner | D36: =SUM(F36:P36) -> 0 | E36: =(D36/B36) -> #DIV/0! | S36: =SUM(U36:AE36) -> 0 | T36: =(S36/Q36) -> #DIV/0! | AH36: =SUM(AJ36:AT36) -> 0 | AI36: =(AH36/AF36) -> #DIV/0! | AW36: =SUM(AY36:BI36) -> 0 | AX36: =(AW36/AU36) -> #DIV/0! | BJ36: =SUM(B36+Q36+AF36+AU36) -> 0 | BL36: =SUM(D36,S36,AH36,AW36) -> 0 | BM36: =(BL36/BJ36) -> #DIV/0!
A37: ='IA-SI TANKER'!B22 -> High Transporter | D37: =SUM(F37:P37) -> 0 | E37: =(D37/B37) -> #DIV/0! | S37: =SUM(U37:AE37) -> 0 | T37: =(S37/Q37) -> #DIV/0! | AH37: =SUM(AJ37:AT37) -> 0 | AI37: =(AH37/AF37) -> #DIV/0! | AU37: 1 | AW37: =SUM(AY37:BI37) -> 7 | AX37: =(AW37/AU37) -> 7 | BB37: 3 | BF37: 2 | BG37: 1 | BH37: 1 | BJ37: =SUM(B37+Q37+AF37+AU37) -> 1 | BL37: =SUM(D37,S37,AH37,AW37) -> 7 | BM37: =(BL37/BJ37) -> 7
A38: ='IA-SI TANKER'!B$23 -> Kalk Bay | D38: =SUM(F38:P38) -> 0 | E38: =(D38/B38) -> #DIV/0! | Q38: 1 | S38: =SUM(U38:AE38) -> 4 | T38: =(S38/Q38) -> 4 | X38: 4 | AH38: =SUM(AJ38:AT38) -> 0 | AI38: =(AH38/AF38) -> #DIV/0! | AW38: =SUM(AY38:BI38) -> 0 | AX38: =(AW38/AU38) -> #DIV/0! | BJ38: =SUM(B38+Q38+AF38+AU38) -> 1 | BL38: =SUM(D38,S38,AH38,AW38) -> 4 | BM38: =(BL38/BJ38) -> 4
A39: ='IA-SI TANKER'!B$24 -> Mossel Bay | B39: 1 | D39: =SUM(F39:P39) -> 5 | E39: =(D39/B39) -> 5 | I39: 5 | S39: =SUM(U39:AE39) -> 0 | T39: =(S39/Q39) -> #DIV/0! | AH39: =SUM(AJ39:AT39) -> 0 | AI39: =(AH39/AF39) -> #DIV/0! | AU39: 1 | AW39: =SUM(AY39:BI39) -> 5 | AX39: =(AW39/AU39) -> 5 | BB39: 4 | BC39: 1 | BJ39: =SUM(B39+Q39+AF39+AU39) -> 2 | BL39: =SUM(D39,S39,AH39,AW39) -> 10 | BM39: =(BL39/BJ39) -> 5
A40: ='IA-SI TANKER'!B25 -> Philotimos | D40: =SUM(F40:P40) -> 0 | E40: =(D40/B40) -> #DIV/0! | S40: =SUM(U40:AE40) -> 0 | T40: =(S40/Q40) -> #DIV/0! | AF40: 1 | AH40: =SUM(AJ40:AT40) -> 3 | AI40: =(AH40/AF40) -> 3 | AJ40: 1 | AM40: 1 | AN40: 1 | AW40: =SUM(AY40:BI40) -> 0 | AX40: =(AW40/AU40) -> #DIV/0! | BJ40: =SUM(B40+Q40+AF40+AU40) -> 1 | BL40: =SUM(D40,S40,AH40,AW40) -> 3 | BM40: =(BL40/BJ40) -> 3
A41: ='IA-SI TANKER'!B26 -> Philoxenia | B41: 1 | D41: =SUM(F41:P41) -> 2 | E41: =(D41/B41) -> 2 | G41: 1 | I41: 1 | S41: =SUM(U41:AE41) -> 0 | T41: =(S41/Q41) -> #DIV/0! | AH41: =SUM(AJ41:AT41) -> 0 | AI41: =(AH41/AF41) -> #DIV/0! | AU41: 1 | AW41: =SUM(AY41:BI41) -> 3 | AX41: =(AW41/AU41) -> 3 | BB41: 2 | BH41: 1 | BJ41: =SUM(B41+Q41+AF41+AU41) -> 2 | BL41: =SUM(D41,S41,AH41,AW41) -> 5 | BM41: =(BL41/BJ41) -> 2.5
A42: ='IA-SI TANKER'!B27 -> PNX Conqueror | B42: 1 | D42: =SUM(F42:P42) -> 2 | E42: =(D42/B42) -> 2 | H42: 1 | I42: 1 | S42: =SUM(U42:AE42) -> 0 | T42: =(S42/Q42) -> #DIV/0! | AH42: =SUM(AJ42:AT42) -> 0 | AI42: =(AH42/AF42) -> #DIV/0! | AW42: =SUM(AY42:BI42) -> 0 | AX42: =(AW42/AU42) -> #DIV/0! | BJ42: =SUM(B42+Q42+AF42+AU42) -> 1 | BL42: =SUM(D42,S42,AH42,AW42) -> 2 | BM42: =(BL42/BJ42) -> 2
A43: ='IA-SI TANKER'!B28 -> PS Tokyo (Gone) | D43: =SUM(F43:P43) -> 0 | E43: =(D43/B43) -> #DIV/0! | S43: =SUM(U43:AE43) -> 0 | T43: =(S43/Q43) -> #DIV/0! | AH43: =SUM(AJ43:AT43) -> 0 | AI43: =(AH43/AF43) -> #DIV/0! | AW43: =SUM(AY43:BI43) -> 0 | AX43: =(AW43/AU43) -> #DIV/0! | BJ43: =SUM(B43+Q43+AF43+AU43) -> 0 | BL43: =SUM(D43,S43,AH43,AW43) -> 0 | BM43: =(BL43/BJ43) -> #DIV/0!
A44: ='IA-SI TANKER'!B29 -> PS Vancouver | D44: =SUM(F44:P44) -> 0 | E44: =(D44/B44) -> #DIV/0! | S44: =SUM(U44:AE44) -> 0 | T44: =(S44/Q44) -> #DIV/0! | AF44: 1 | AH44: 3 | AI44: =(AH44/AF44) -> 3 | AM44: 3 | AW44: =SUM(AY44:BI44) -> 0 | AX44: =(AW44/AU44) -> #DIV/0! | BJ44: =SUM(B44+Q44+AF44+AU44) -> 1 | BL44: =SUM(D44,S44,AH44,AW44) -> 3 | BM44: =(BL44/BJ44) -> 3
A45: ='IA-SI TANKER'!B30 -> Table Bay | D45: =SUM(F45:P45) -> 0 | E45: =(D45/B45) -> #DIV/0! | Q45: 1 | S45: =SUM(U45:AE45) -> 3 | T45: =(S45/Q45) -> 3 | U45: 2 | X45: 1 | AH45: =SUM(AJ45:AT45) -> 0 | AI45: =(AH45/AF45) -> #DIV/0! | AW45: =SUM(AY45:BI45) -> 0 | AX45: =(AW45/AU45) -> #DIV/0! | BJ45: =SUM(B45+Q45+AF45+AU45) -> 1 | BL45: =SUM(D45,S45,AH45,AW45) -> 3 | BM45: =(BL45/BJ45) -> 3
A46: ='IA-SI TANKER'!B31 -> Rui Fu Sheng | D46: =SUM(F46:P46) -> 0 | E46: =(D46/B46) -> #DIV/0! | Q46: 1 | S46: =SUM(U46:AE46) -> 6 | T46: =(S46/Q46) -> 6 | U46: 1 | X46: 2 | Y46: 1 | AC46: 1 | AD46: 1 | AH46: =SUM(AJ46:AT46) -> 0 | AI46: =(AH46/AF46) -> #DIV/0! | AW46: =SUM(AY46:BI46) -> 0 | AX46: =(AW46/AU46) -> #DIV/0! | BJ46: =SUM(B46+Q46+AF46+AU46) -> 1 | BL46: =SUM(D46,S46,AH46,AW46) -> 6 | BM46: =(BL46/BJ46) -> 6
A47: ='IA-SI TANKER'!B32 -> Vialli | B47: 1 | D47: =SUM(F47:P47) -> 1 | E47: =(D47/B47) -> 1 | I47: 1 | S47: =SUM(U47:AE47) -> 0 | T47: =(S47/Q47) -> #DIV/0! | AH47: =SUM(AJ47:AT47) -> 0 | AI47: =(AH47/AF47) -> #DIV/0! | AW47: =SUM(AY47:BI47) -> 0 | AX47: =(AW47/AU47) -> #DIV/0! | BJ47: =SUM(B47+Q47+AF47+AU47) -> 1 | BL47: =SUM(D47,S47,AH47,AW47) -> 1 | BM47: =(BL47/BJ47) -> 1
A48: ='IA-SI TANKER'!B33 -> Victoria Bay | D48: =SUM(F48:P48) -> 0 | E48: =(D48/B48) -> #DIV/0! | Q48: 1 | S48: =SUM(U48:AE48) -> 4 | T48: =(S48/Q48) -> 4 | U48: 1 | X48: 3 | AH48: =SUM(AJ48:AT48) -> 0 | AI48: =(AH48/AF48) -> #DIV/0! | AW48: =SUM(AY48:BI48) -> 0 | AX48: =(AW48/AU48) -> #DIV/0! | BJ48: =SUM(B48+Q48+AF48+AU48) -> 1 | BL48: =SUM(D48,S48,AH48,AW48) -> 4 | BM48: =(BL48/BJ48) -> 4
A49: =' IA-SI DRY'!B4 -> Cielo di Valparaiso | D49: =SUM(F49:P49) -> 0 | E49: =(D49/B49) -> #DIV/0! | S49: =SUM(U49:AE49) -> 0 | T49: =(S49/Q49) -> #DIV/0! | AH49: =SUM(AJ49:AT49) -> 0 | AI49: =(AH49/AF49) -> #DIV/0! | AW49: =SUM(AY49:BI49) -> 0 | AX49: =(AW49/AU49) -> #DIV/0! | BJ49: =SUM(B49+Q49+AF49+AU49) -> 0 | BL49: =SUM(D49,S49,AH49,AW49) -> 0 | BM49: =(BL49/BJ49) -> #DIV/0!
A50: =' IA-SI DRY'!B5 -> Cielo Dei Maronti | D50: =SUM(F50:P50) -> 0 | E50: =(D50/B50) -> #DIV/0! | S50: =SUM(U50:AE50) -> 0 | T50: =(S50/Q50) -> #DIV/0! | AF50: 1 | AH50: =SUM(AJ50:AT50) -> 4 | AI50: =(AH50/AF50) -> 4 | AL50: 1 | AM50: 2 | AS50: 1 | AW50: =SUM(AY50:BI50) -> 0 | AX50: =(AW50/AU50) -> #DIV/0! | BJ50: =SUM(B50+Q50+AF50+AU50) -> 1 | BL50: =SUM(D50,S50,AH50,AW50) -> 4 | BM50: =(BL50/BJ50) -> 4
A51: =' IA-SI DRY'!B6 -> Medi Adriatico | D51: =SUM(F51:P51) -> 0 | E51: =(D51/B51) -> #DIV/0! | S51: =SUM(U51:AE51) -> 0 | T51: =(S51/Q51) -> #DIV/0! | AF51: 1 | AH51: =SUM(AJ51:AT51) -> 3 | AI51: =(AH51/AF51) -> 3 | AJ51: 1 | AL51: 1 | AM51: 1 | AW51: =SUM(AY51:BI51) -> 0 | AX51: =(AW51/AU51) -> #DIV/0! | BJ51: =SUM(B51+Q51+AF51+AU51) -> 1 | BL51: =SUM(D51,S51,AH51,AW51) -> 3 | BM51: =(BL51/BJ51) -> 3
A52: =' IA-SI DRY'!B7 -> Medi Atlantico | D52: =SUM(F52:P52) -> 0 | E52: =(D52/B52) -> #DIV/0! | Q52: 1 | S52: =SUM(U52:AE52) -> 5 | T52: =(S52/Q52) -> 5 | X52: 1 | Y52: 3 | AD52: 1 | AH52: =SUM(AJ52:AT52) -> 0 | AI52: =(AH52/AF52) -> #DIV/0! | AW52: =SUM(AY52:BI52) -> 0 | AX52: =(AW52/AU52) -> #DIV/0! | BJ52: =SUM(B52+Q52+AF52+AU52) -> 1 | BL52: =SUM(D52,S52,AH52,AW52) -> 5 | BM52: =(BL52/BJ52) -> 5
A53: =' IA-SI DRY'!B8 -> Medi Egadi | D53: =SUM(F53:P53) -> 0 | E53: =(D53/B53) -> #DIV/0! | S53: =SUM(U53:AE53) -> 0 | T53: =(S53/Q53) -> #DIV/0! | AF53: 1 | AH53: =SUM(AJ53:AT53) -> 3 | AI53: =(AH53/AF53) -> 3 | AJ53: 1 | AL53: 1 | AM53: 1 | AW53: =SUM(AY53:BI53) -> 0 | AX53: =(AW53/AU53) -> #DIV/0! | BJ53: =SUM(B53+Q53+AF53+AU53) -> 1 | BL53: =SUM(D53,S53,AH53,AW53) -> 3 | BM53: =(BL53/BJ53) -> 3
A54: =' IA-SI DRY'!B9 -> Medi Egeo | D54: =SUM(F54:P54) -> 0 | E54: =(D54/B54) -> #DIV/0! | S54: =SUM(U54:AE54) -> 0 | T54: =(S54/Q54) -> #DIV/0! | AF54: 1 | AH54: =SUM(AJ54:AT54) -> 3 | AI54: =(AH54/AF54) -> 3 | AM54: 2 | AS54: 1 | AW54: =SUM(AY54:BI54) -> 0 | AX54: =(AW54/AU54) -> #DIV/0! | BJ54: =SUM(B54+Q54+AF54+AU54) -> 1 | BL54: =SUM(D54,S54,AH54,AW54) -> 3 | BM54: =(BL54/BJ54) -> 3
A55: =' IA-SI DRY'!B10 -> Medi Matsuura | D55: =SUM(F55:P55) -> 0 | E55: =(D55/B55) -> #DIV/0! | S55: =SUM(U55:AE55) -> 0 | T55: =(S55/Q55) -> #DIV/0! | AH55: =SUM(AJ55:AT55) -> 0 | AI55: =(AH55/AF55) -> #DIV/0! | AU55: 1 | AW55: =SUM(AY55:BI55) -> 4 | AX55: =(AW55/AU55) -> 4 | BB55: 2 | BC55: 2 | BJ55: =SUM(B55+Q55+AF55+AU55) -> 1 | BL55: =SUM(D55,S55,AH55,AW55) -> 4 | BM55: =(BL55/BJ55) -> 4
A56: =' IA-SI DRY'!B11 -> Medi Palmarola | D56: =SUM(F56:P56) -> 0 | E56: =(D56/B56) -> #DIV/0! | S56: =SUM(U56:AE56) -> 0 | T56: =(S56/Q56) -> #DIV/0! | AF56: 1 | AH56: =SUM(AJ56:AT56) -> 5 | AI56: =(AH56/AF56) -> 5 | AM56: 2 | AP56: 2 | AS56: 1 | AW56: =SUM(AY56:BI56) -> 0 | AX56: =(AW56/AU56) -> #DIV/0! | BJ56: =SUM(B56+Q56+AF56+AU56) -> 1 | BL56: =SUM(D56,S56,AH56,AW56) -> 5 | BM56: =(BL56/BJ56) -> 5
A57: =' IA-SI DRY'!B12 -> Medi Sydney | D57: =SUM(F57:P57) -> 0 | E57: =(D57/B57) -> #DIV/0! | S57: =SUM(U57:AE57) -> 0 | T57: =(S57/Q57) -> #DIV/0! | AH57: =SUM(AJ57:AT57) -> 6 | AI57: =(AH57/AF57) -> #DIV/0! | AL57: 2 | AM57: 3 | AO57: 1 | AU57: 1 | AW57: =SUM(AY57:BI57) -> 6 | AX57: =(AW57/AU57) -> 6 | BA57: 2 | BB57: 3 | BD57: 1 | BJ57: =SUM(B57+Q57+AF57+AU57) -> 1 | BL57: =SUM(D57,S57,AH57,AW57) -> 12 | BM57: =(BL57/BJ57) -> 12
A58: =' IA-SI DRY'!B13 -> Medi Tirreno | B58: 1 | D58: =SUM(F58:P58) -> 3 | E58: =(D58/B58) -> 3 | F58: 1 | I58: 2 | S58: =SUM(U58:AE58) -> 0 | T58: =(S58/Q58) -> #DIV/0! | AH58: =SUM(AJ58:AT58) -> 0 | AI58: =(AH58/AF58) -> #DIV/0! | AW58: =SUM(AY58:BI58) -> 0 | AX58: =(AW58/AU58) -> #DIV/0! | BJ58: =SUM(B58+Q58+AF58+AU58) -> 1 | BL58: =SUM(D58,S58,AH58,AW58) -> 3 | BM58: =(BL58/BJ58) -> 3
A59: =' IA-SI DRY'!B14 -> Medi Zuoz | E59: =(D59/B59) -> #DIV/0! | S59: =SUM(U59:AE59) -> 0 | T59: =(S59/Q59) -> #DIV/0! | AF59: 1 | AH59: 4 | AI59: =(AH59/AF59) -> 4 | AJ59: 1 | AL59: 2 | AM59: 1 | AW59: =SUM(AY59:BI59) -> 0 | AX59: =(AW59/AU59) -> #DIV/0! | BJ59: =SUM(B59+Q59+AF59+AU59) -> 1 | BL59: =SUM(D59,S59,AH59,AW59) -> 4 | BM59: =(BL59/BJ59) -> 4
A60: =' IA-SI DRY'!B15 -> Medi Caboto | D60: =SUM(F60:P60) -> 0 | E60: =(D60/B60) -> #DIV/0! | S60: =SUM(U60:AE60) -> 0 | T60: =(S60/Q60) -> #DIV/0! | AH60: =SUM(AJ60:AT60) -> 0 | AI60: =(AH60/AF60) -> #DIV/0! | AW60: =SUM(AY60:BI60) -> 0 | AX60: =(AW60/AU60) -> #DIV/0! | BJ60: =SUM(B60+Q60+AF60+AU60) -> 0 | BL60: =SUM(D60,S60,AH60,AW60) -> 0 | BM60: =(BL60/BJ60) -> #DIV/0!
A61: Total Fleet | B61: =SUM(B19:B60) -> 8 | D61: =SUM(D19:D60) -> 22 | E61: =(D61/B61) -> 2.75 | F61: =SUM(F19:F60) -> 2 | G61: =SUM(G19:G60) -> 1 | H61: =SUM(H19:H60) -> 4 | I61: =SUM(I19:I60) -> 13 | J61: =SUM(J19:J60) -> 0 | K61: =SUM(K19:K60) -> 0 | L61: =SUM(L19:L60) -> 1 | M61: =SUM(M19:M60) -> 0 | ... Q61: =SUM(Q19:Q60) -> 10 | S61: =SUM(S19:S60) -> 44 | T61: =(S61/Q61) -> 4.4 | U61: =SUM(U19:U60) -> 9 | V61: =SUM(V19:V60) -> 2 | W61: =SUM(W19:W60) -> 1 | X61: =SUM(X19:X60) -> 19 | Y61: =SUM(Y19:Y60) -> 8 | Z61: =SUM(Z19:Z60) -> 0 | AA61: =SUM(AA19:AA60) -> 0 | AB61: =SUM(AB19:AB60) -> 0 | ... AF61: =SUM(AF19:AF60) -> 13 | AH61: =SUM(AH19:AH60) -> 57 | AI61: =(AH61/AF61) -> 4.3846154 | AJ61: =SUM(AJ19:AJ60) -> 6 | AK61: =SUM(AK19:AK60) -> 0 | AL61: =SUM(AL19:AL60) -> 8 | AM61: =SUM(AM19:AM60) -> 31 | AN61: =SUM(AN19:AN60) -> 2 | AO61: =SUM(AO19:AO60) -> 1 | AP61: =SUM(AP19:AP60) -> 4 | AQ61: =SUM(AQ19:AQ60) -> 1 | ... AU61: =SUM(AU19:AU60) -> 10 | AW61: =SUM(AW19:AW60) -> 46 | AX61: =(AW61/AU61) -> 4.6 | AY61: =SUM(AY19:AY60) -> 1 | AZ61: =SUM(AZ19:AZ60) -> 0 | BA61: =SUM(BA19:BA60) -> 4 | BB61: =SUM(BB19:BB60) -> 24 | BC61: =SUM(BC19:BC60) -> 4 | BD61: =SUM(BD19:BD60) -> 1 | BE61: =SUM(BE19:BE60) -> 2 | BF61: =SUM(BF19:BF60) -> 2 | ... BJ61: =SUM(BJ19:BJ60) -> 41 | BL61: =SUM(BL19:BL60) -> 169 | BM61: =(BL61/BJ61) -> 4.1219512
A63: General Fleet
B64: 2020 | C64: 2021 | D64: 2022 | E64: 2023 | F64: 2024
A65: Vessels | B65: 28 | C65: 25 | D65: 36 | E65: 35 | F65: 37
A66: Audits | B66: 36 | C66: 41 | D66: 47 | E66: 35 | F66: =B61+Q61+AF61+AU61 -> 41
A67: Deficiencies | B67: 132 | C67: 143 | D67: 201 | E67: 104 | F67: =D61+S61+AH61+AW61 -> 169
A68: Def x Insp | B68: =B67/B66 -> 3.6666667 | C68: =C67/C66 -> 3.4878049 | D68: =D67/D66 -> 4.2765957 | E68: =E67/E66 -> 2.9714286 | F68: =F67/F66 -> 4.1219512
A70: Tanker Fleet
B71: 2020 | C71: 2021 | D71: 2022 | E71: 2023 | F71: 2024
A72: Vessels | B72: 17 | C72: 16 | D72: 23 | E72: 25 | F72: 26
A73: Audits | B73: 21 | C73: 26 | D73: 28 | E73: 26 | F73: =SUM(B19:B48,Q19:Q48,AF19:AF48,AU18:AU48) -> 31
A74: Deficiencies | B74: 68 | C74: 93 | D74: 122 | E74: 77 | F74: =SUM(D19:D48,S19:S48,AH19:AH48,AW19:AW48) -> 123
A75: Def x Insp | B75: =B74/B73 -> 3.2380952 | C75: =C74/C73 -> 3.5769231 | D75: =D74/D73 -> 4.3571429 | E75: =E74/E73 -> 2.9615385 | F75: =F74/F73 -> 3.9677419
A77: Dry Fleet
B78: 2020 | C78: 2021 | D78: 2022 | E78: 2023 | F78: 2024
A79: Vessels | B79: 11 | C79: 9 | D79: 13 | E79: 10 | F79: 11
A80: Audits | B80: 15 | C80: 15 | D80: 19 | E80: 9 | F80: =SUM(B49:B60,Q49:Q60,AF49:AF60,AU49:AU60) -> 10
A81: Deficiencies | B81: 64 | C81: 50 | D81: 79 | E81: 27 | F81: =SUM(D49:D60,S49:S60,AH49:AH60,AW49:AW60) -> 46
A82: Def x Insp | B82: =B81/B80 -> 4.2666667 | C82: =C81/C80 -> 3.3333333 | D82: =D81/D80 -> 4.1578947 | E82: =E81/E80 -> 3 | F82: =F81/F80 -> 4.6
A86: General
B87: 1st quarter | C87: 2nd quarter | D87: 3rd quarter | E87: 4th quarter | F87: Total | H87: kpi
A88: 2 Certification and Documentation | B88: =B104+B120 -> 2 | C88: =U61 -> 9 | D88: =AJ61 -> 6 | E88: =AY61 -> 1 | F88: =SUM(B88:E88) -> 18 | H88: =F88/$F$11 -> 0.43902439
A89: 3 Crew Management | B89: =B105+B121 -> 1 | C89: =V61 -> 2 | D89: =AK61 -> 0 | E89: =AZ61 -> 0 | F89: =SUM(B89:E89) -> 3 | H89: =F89/$F$11 -> 0.073170732
A90: 4 Navigation and Communication | B90: =B106+B122 -> 4 | C90: =W61 -> 1 | D90: =AL61 -> 8 | E90: =BA61 -> 4 | F90: =SUM(B90:E90) -> 17 | H90: =F90/$F$11 -> 0.41463415
A91: 5 Safety Managemenet | B91: =B107+B123 -> 13 | C91: =X61 -> 19 | D91: =AM61 -> 31 | E91: =BB61 -> 24 | F91: =SUM(B91:E91) -> 87 | H91: =F91/$F$11 -> 2.1219512
A92: 6 Pollution Prevention | B92: =B108+B124 -> 0 | C92: =Y61 -> 8 | D92: =AN61 -> 2 | E92: =BC61 -> 4 | F92: =SUM(B92:E92) -> 14 | H92: =F92/$F$11 -> 0.34146341
A93: 7 Maritime Security | B93: =B109+B125 -> 0 | C93: =Z61 -> 0 | D93: =AO61 -> 1 | E93: =BD61 -> 1 | F93: =SUM(B93:E93) -> 2 | H93: =F93/$F$11 -> 0.048780488
A94: 8 Cargo and Ballast System | B94: =B110+B126 -> 1 | C94: =AA61 -> 0 | D94: =AP61 -> 4 | E94: =BE61 -> 2 | F94: =SUM(B94:E94) -> 7 | H94: =F94/$F$11 -> 0.17073171
A95: 9 Mooring | B95: =B111+B127 -> 0 | C95: =AB61 -> 0 | D95: =AQ61 -> 1 | E95: =BF61 -> 2 | F95: =SUM(B95:E95) -> 3 | H95: =F95/$F$11 -> 0.073170732
A96: 10 Engine and Steering Compartments | B96: =B112+B128 -> 0 | C96: =AC61 -> 3 | D96: =AR61 -> 1 | E96: =BG61 -> 2 | F96: =SUM(B96:E96) -> 6 | H96: =F96/$F$11 -> 0.14634146
A97: 11 General Appearance Condition | B97: =B113+B129 -> 1 | C97: =AD61 -> 2 | D97: =AS61 -> 3 | E97: =BH61 -> 6 | F97: =SUM(B97:E97) -> 12 | H97: =F97/$F$11 -> 0.29268293
A98: 12 Ice Operations | B98: =B114+B130 -> 0 | C98: =AE61 -> 0 | D98: =AT61 -> 0 | E98: =BI61 -> 0 | F98: =SUM(B98:E98) -> 0 | H98: =F98/$F$11 -> 0
B99: =SUM(B88:B98) -> 22 | C99: =SUM(C88:C98) -> 44 | D99: =SUM(D88:D98) -> 57 | E99: =SUM(E88:E98) -> 46 | F99: =SUM(F88:F98) -> 169 | G99: =SUM(G88:G98) -> 0
A102: Tanker
B103: 1st quarter | C103: 2nd quarter | D103: 3rd quarter | E103: 4th quarter | F103: Total
A104: 2 Certification and Documentation | B104: =SUM(F19:F48) -> 1 | C104: =SUM(U19:U48) -> 9 | D104: =SUM(AJ19:AJ48) -> 3 | E104: =SUM(AY19:AY48) -> 1 | F104: =SUM(B104:E104) -> 14 | H104: =F104/$W$11 -> 0.4516129
A105: 3 Crew Management | B105: =SUM(G19:G48) -> 1 | C105: =SUM(V19:V48) -> 2 | D105: =SUM(AK19:AK48) -> 0 | E105: =SUM(AZ19:AZ48) -> 0 | F105: =SUM(B105:E105) -> 3 | H105: =F105/$W$11 -> 0.096774194
A106: 4 Navigation and Communication | B106: =SUM(H19:H48) -> 4 | C106: =SUM(W19:W48) -> 1 | D106: =SUM(AL19:AL48) -> 1 | E106: =SUM(BA19:BA48) -> 2 | F106: =SUM(B106:E106) -> 8 | H106: =F106/$W$11 -> 0.25806452
A107: 5 Safety Managemenet | B107: =SUM(I19:I48) -> 11 | C107: =SUM(X19:X48) -> 18 | D107: =SUM(AM19:AM48) -> 19 | E107: =SUM(BB19:BB48) -> 19 | F107: =SUM(B107:E107) -> 67 | H107: =F107/$W$11 -> 2.1612903
A108: 6 Pollution Prevention | B108: =SUM(J19:J48) -> 0 | C108: =SUM(Y19:Y48) -> 5 | D108: =SUM(AN19:AN48) -> 2 | E108: =SUM(BC19:BC48) -> 2 | F108: =SUM(B108:E108) -> 9 | H108: =F108/$W$11 -> 0.29032258
A109: 7 Maritime Security | B109: =SUM(K19:K48) -> 0 | C109: =SUM(Z19:Z48) -> 0 | D109: =SUM(AO19:AO48) -> 0 | E109: =SUM(BD19:BD48) -> 0 | F109: =SUM(B109:E109) -> 0 | H109: =F109/$W$11 -> 0
A110: 8 Cargo and Ballast System | B110: =SUM(L19:L48) -> 1 | C110: =SUM(AA19:AA48) -> 0 | D110: =SUM(AP19:AP48) -> 2 | E110: =SUM(BE19:BE48) -> 2 | F110: =SUM(B110:E110) -> 5 | H110: =F110/$W$11 -> 0.16129032
A111: 9 Mooring | B111: =SUM(M19:M48) -> 0 | C111: =SUM(AB19:AB48) -> 0 | D111: =SUM(AQ19:AQ48) -> 1 | E111: =SUM(BF19:BF48) -> 2 | F111: =SUM(B111:E111) -> 3 | H111: =F111/$W$11 -> 0.096774194
A112: 10 Engine and Steering Compartments | B112: =SUM(N19:N48) -> 0 | C112: =SUM(AC19:AC48) -> 3 | D112: =SUM(AR19:AR48) -> 1 | E112: =SUM(BG19:BG48) -> 2 | F112: =SUM(B112:E112) -> 6 | H112: =F112/$W$11 -> 0.19354839
A113: 11 General Appearance Condition | B113: =SUM(O19:O48) -> 1 | C113: =SUM(AD19:AD48) -> 1 | D113: =SUM(AS19:AS48) -> 0 | E113: =SUM(BH19:BH48) -> 6 | F113: =SUM(B113:E113) -> 8 | H113: =F113/$W$11 -> 0.25806452
A114: 12 Ice Operations | B114: =SUM(P19:P48) -> 0 | C114: =SUM(AE19:AE48) -> 0 | D114: =SUM(AT19:AT48) -> 0 | E114: =SUM(BI19:BI48) -> 0 | F114: =SUM(B114:E114) -> 0 | H114: =F114/$W$11 -> 0
B115: =SUM(B104:B114) -> 19 | C115: =SUM(C104:C114) -> 39 | D115: =SUM(D104:D114) -> 29 | E115: =SUM(E104:E114) -> 36 | F115: =SUM(F104:F114) -> 123 | G115: =SUM(G104:G114) -> 0
A118: Dry
B119: 1st quarter | C119: 2nd quarter | D119: 3rd quarter | E119: 4th quarter | F119: Total
...

Sheet Saf.Insp.category
C1: SAFETY INSPECTION CATEGORY OBSERVATION
A9: General Fleet | B9: 1st Quarter | C9: 2nd Quarter | D9: 3rd Quarter | E9: 4th Quarter | F9: Total | Q9: Tanker | S9: 1st Quarter | T9: 2nd Quarter | U9: 3rd Quarter | W9: 4th Quarter | Y9: Total | AF9: dry | AG9: 1st Quarter | AH9: 2nd Quarter | AI9: 3rd Quarter | AJ9: 4th Quarter | AM9: Total
A10: No. Vess. | B10: 34 | C10: 34 | D10: 35 | E10: 37 | Q10: No. Vess. | S10: 25 | T10: 25 | U10: 25 | W10: 26 | AF10: No. Vess. | AG10: 9 | AH10: 9 | AI10: 10 | AJ10: 11
A11: No. Insp. | B11: =B61 -> 7 | C11: =Q61 -> 7 | D11: =AF61 -> 9 | E11: =AU61 -> 11 | F11: =SUM(B11:E11) -> 34 | Q11: No. Insp. | S11: =SUM(B19:B48) -> 7 | T11: =SUM(Q19:Q48) -> 7 | U11: =SUM(AF19:AF48) -> 6 | W11: =SUM(AU19:AU48) -> 9 | Y11: =SUM(S11:X11) -> 29 | AF11: No. Insp. | AG11: =SUM(B49:B60) -> 0 | AH11: =SUM(Q49:Q60) -> 0 | AI11: =SUM(AF49:AF60) -> 3 | AJ11: =SUM(AU49:AU60) -> 2 | AM11: =SUM(AG11:AL11) -> 5
A12: Def. | B12: =D61 -> 26 | C12: =S61 -> 31 | D12: =AH61 -> 51 | E12: =AW61 -> 62 | F12: =SUM(B12:E12) -> 170 | Q12: Def. | S12: =SUM(D19:D48) -> 26 | T12: =SUM(S19:S48) -> 31 | U12: =SUM(AH19:AH48) -> 34 | W12: =SUM(AW19:AW48) -> 53 | Y12: =SUM(S12:X12) -> 144 | AF12: Def. | AG12: =SUM(D49:D60) -> 0 | AH12: =SUM(S49:S60) -> 0 | AI12: =SUM(AH49:AH60) -> 17 | AJ12: =SUM(AW49:AW60) -> 9 | AM12: =SUM(AG12:AL12) -> 26
A13: Def x Insp. | B13: =E61 -> 3.7142857 | C13: =T61 -> 4.4285714 | D13: =AI61 -> 5.6666667 | E13: =AX61 -> 5.6363636 | F13: =F12/F11 -> 5 | Q13: Def x Insp. | S13: =S12/S11 -> 3.7142857 | T13: =T12/T11 -> 4.4285714 | U13: =U12/U11 -> 5.6666667 | W13: =W12/W11 -> 5.8888889 | Y13: =Y12/Y11 -> 4.9655172 | AF13: Def x Insp. | AG13: =AG12/AG11 -> #DIV/0! | AH13: =AH12/AH11 -> #DIV/0! | AI13: =AI12/AI11 -> 5.6666667 | AJ13: =AJ12/AJ11 -> 4.5 | AM13: =AM12/AM11 -> 5.2
A16: Compilare Solamente i Campi Grigi e Bianchi
B17: 1st quarter | Q17: 2nd quarter | AF17: 3rd quarter | AU17: 4th quarter | BJ17: Total
B18: No. Insp. | D18: Def. | E18: Def x Insp | F18: 2 | G18: 3 | H18: 4 | I18: 5 | J18: 6 | K18: 7 | L18: 8 | M18: 9 | N18: 10 | O18: 11 | P18: 12 | Q18: No. Insp. | S18: Def. | T18: Def x Insp | U18: 2 | V18: 3 | W18: 4 | X18: 5 | Y18: 6 | Z18: 7 | AA18: 8 | AB18: 9 | AC18: 10 | AD18: 11 | AE18: 12 | AF18: No. Insp. | AH18: Def. | AI18: Def x Insp | AJ18: 2 | AK18: 3 | AL18: 4 | AM18: 5 | AN18: 6 | AO18: 7 | AP18: 8 | AQ18: 9 | AR18: 10 | AS18: 11 | AT18: 12 | AU18: No. Insp. | AW18: Def. | AX18: Def x Insp | AY18: 2 | AZ18: 3 | BA18: 4 | BB18: 5 | BC18: 6 | BD18: 7 | BE18: 8 | BF18: 9 | BG18: 10 | BH18: 11 | BI18: 12 | BJ18: No. Insp. | BL18: Def. | BM18: Def x Insp
A19: ='IA-SI TANKER'!B4 -> Alpine Pembroke (Sold) | D19: =SUM(F19:P19) -> 0 | E19: =(D19/B19) -> #DIV/0! | S19: =SUM(U19:AE19) -> 0 | T19: =(S19/Q19) -> #DIV/0! | AH19: =SUM(AJ19:AT19) -> 0 | AI19: =(AH19/AF19) -> #DIV/0! | AW19: =SUM(AY19:BI19) -> 0 | AX19: =(AW19/AU19) -> #DIV/0! | BJ19: =SUM(B19+Q19+AF19+AU19) -> 0 | BL19: =SUM(D19,S19,AH19,AW19) -> 0 | BM19: =(BL19/BJ19) -> #DIV/0!
A20: ='IA-SI TANKER'!B5 -> Alpine Pioneer (Sold) | D20: =SUM(F20:P20) -> 0 | E20: =(D20/B20) -> #DIV/0! | S20: =SUM(U20:AE20) -> 0 | T20: =(S20/Q20) -> #DIV/0! | AH20: =SUM(AJ20:AT20) -> 0 | AI20: =(AH20/AF20) -> #DIV/0! | AW20: =SUM(AY20:BI20) -> 0 | AX20: =(AW20/AU20) -> #DIV/0! | BJ20: =SUM(B20+Q20+AF20+AU20) -> 0 | BL20: =SUM(D20,S20,AH20,AW20) -> 0 | BM20: =(BL20/BJ20) -> #DIV/0!
A21: ='IA-SI TANKER'!B6 -> Bagheera | D21: =SUM(F21:P21) -> 0 | E21: =(D21/B21) -> #DIV/0! | Q21: 1 | S21: =SUM(U21:AE21) -> 5 | T21: =(S21/Q21) -> 5 | X21: 5 | AH21: =SUM(AJ21:AT21) -> 0 | AI21: =(AH21/AF21) -> #DIV/0! | AW21: =SUM(AY21:BI21) -> 0 | AX21: =(AW21/AU21) -> #DIV/0! | BJ21: =SUM(B21+Q21+AF21+AU21) -> 1 | BL21: =SUM(D21,S21,AH21,AW21) -> 5 | BM21: =(BL21/BJ21) -> 5
A22: ='IA-SI TANKER'!B7 -> Bantry Bay | D22: =SUM(F22:P22) -> 0 | E22: =(D22/B22) -> #DIV/0! | S22: =SUM(U22:AE22) -> 0 | T22: =(S22/Q22) -> #DIV/0! | AF22: 1 | AH22: =SUM(AJ22:AT22) -> 6 | AI22: =(AH22/AF22) -> 6 | AL22: 1 | AM22: 3 | AR22: 1 | AS22: 1 | AW22: =SUM(AY22:BI22) -> 0 | AX22: =(AW22/AU22) -> #DIV/0! | BJ22: =SUM(B22+Q22+AF22+AU22) -> 1 | BL22: =SUM(D22,S22,AH22,AW22) -> 6 | BM22: =(BL22/BJ22) -> 6
A23: ='IA-SI TANKER'!B8 -> Bright Future | D23: =SUM(F23:P23) -> 0 | E23: =(D23/B23) -> #DIV/0! | Q23: 1 | S23: =SUM(U23:AE23) -> 5 | T23: =(S23/Q23) -> 5 | X23: 3 | AC23: 2 | AH23: =SUM(AJ23:AT23) -> 0 | AI23: =(AH23/AF23) -> #DIV/0! | AW23: =SUM(AY23:BI23) -> 0 | AX23: =(AW23/AU23) -> #DIV/0! | BJ23: =SUM(B23+Q23+AF23+AU23) -> 1 | BL23: =SUM(D23,S23,AH23,AW23) -> 5 | BM23: =(BL23/BJ23) -> 5
A24: ='IA-SI TANKER'!B9 -> Cielo di Houston | B24: 1 | D24: =SUM(F24:P24) -> 2 | E24: =(D24/B24) -> 2 | I24: 1 | M24: 1 | S24: =SUM(U24:AE24) -> 0 | T24: =(S24/Q24) -> #DIV/0! | AH24: =SUM(AJ24:AT24) -> 0 | AI24: =(AH24/AF24) -> #DIV/0! | AU24: 1 | AW24: =SUM(AY24:BI24) -> 4 | AX24: =(AW24/AU24) -> 4 | BB24: 4 | BJ24: =SUM(B24+Q24+AF24+AU24) -> 2 | BL24: =SUM(D24,S24,AH24,AW24) -> 6 | BM24: =(BL24/BJ24) -> 3
A25: ='IA-SI TANKER'!B10 -> Cielo Rosso | D25: =SUM(F25:P25) -> 0 | E25: =(D25/B25) -> #DIV/0! | Q25: 1 | S25: =SUM(U25:AE25) -> 2 | T25: =(S25/Q25) -> 2 | X25: 2 | AH25: =SUM(AJ25:AT25) -> 0 | AI25: =(AH25/AF25) -> #DIV/0! | AU25: 1 | AW25: =SUM(AY25:BI25) -> 4 | AX25: =(AW25/AU25) -> 4 | BB25: 4 | BJ25: =SUM(B25+Q25+AF25+AU25) -> 2 | BL25: =SUM(D25,S25,AH25,AW25) -> 6 | BM25: =(BL25/BJ25) -> 3
A26: ='IA-SI TANKER'!B11 -> Clearocean Maria | D26: =SUM(F26:P26) -> 0 | E26: =(D26/B26) -> #DIV/0! | S26: =SUM(U26:AE26) -> 0 | T26: =(S26/Q26) -> #DIV/0! | AF26: 1 | AH26: =SUM(AJ26:AT26) -> 6 | AI26: =(AH26/AF26) -> 6 | AK26: 1 | AL26: 1 | AM26: 2 | AR26: 2 | AW26: =SUM(AY26:BI26) -> 0 | AX26: =(AW26/AU26) -> #DIV/0! | BJ26: =SUM(B26+Q26+AF26+AU26) -> 1 | BL26: =SUM(D26,S26,AH26,AW26) -> 6 | BM26: =(BL26/BJ26) -> 6
A27: ='IA-SI TANKER'!B12 -> Clearocean Mary | D27: =SUM(F27:P27) -> 0 | E27: =(D27/B27) -> #DIV/0! | S27: =SUM(U27:AE27) -> 0 | T27: =(S27/Q27) -> #DIV/0! | AH27: =SUM(AJ27:AT27) -> 0 | AI27: =(AH27/AF27) -> #DIV/0! | AU27: 1 | AW27: =SUM(AY27:BI27) -> 7 | AX27: =(AW27/AU27) -> 7 | BB27: 6 | BG27: 1 | BJ27: =SUM(B27+Q27+AF27+AU27) -> 1 | BL27: =SUM(D27,S27,AH27,AW27) -> 7 | BM27: =(BL27/BJ27) -> 7
A28: ='IA-SI TANKER'!B13 -> Clearocean Mathilde | D28: =SUM(F28:P28) -> 0 | E28: =(D28/B28) -> #DIV/0! | S28: =SUM(U28:AE28) -> 0 | T28: =(S28/Q28) -> #DIV/0! | AF28: 1 | AH28: =SUM(AJ28:AT28) -> 3 | AI28: =(AH28/AF28) -> 3 | AM28: 3 | AW28: =SUM(AY28:BI28) -> 0 | AX28: =(AW28/AU28) -> #DIV/0! | BJ28: =SUM(B28+Q28+AF28+AU28) -> 1 | BL28: =SUM(D28,S28,AH28,AW28) -> 3 | BM28: =(BL28/BJ28) -> 3
A29: ='IA-SI TANKER'!B14 -> Clearocean Music | D29: =SUM(F29:P29) -> 0 | E29: =(D29/B29) -> #DIV/0! | S29: =SUM(U29:AE29) -> 0 | T29: =(S29/Q29) -> #DIV/0! | AH29: =SUM(AJ29:AT29) -> 0 | AI29: =(AH29/AF29) -> #DIV/0! | AU29: 1 | AW29: 5 | AX29: =(AW29/AU29) -> 5 | BB29: 4 | BG29: 1 | BJ29: =SUM(B29+Q29+AF29+AU29) -> 1 | BL29: =SUM(D29,S29,AH29,AW29) -> 5 | BM29: =(BL29/BJ29) -> 5
A30: ='IA-SI TANKER'!B15 -> Rui Fu Xing (Glenda Melanie) | D30: =SUM(F30:P30) -> 0 | E30: =(D30/B30) -> #DIV/0! | Q30: 1 | S30: =SUM(U30:AE30) -> 5 | T30: =(S30/Q30) -> 5 | X30: 4 | AD30: 1 | AH30: =SUM(AJ30:AT30) -> 0 | AI30: =(AH30/AF30) -> #DIV/0! | AW30: =SUM(AY30:BI30) -> 0 | AX30: =(AW30/AU30) -> #DIV/0! | BJ30: =SUM(B30+Q30+AF30+AU30) -> 1 | BL30: =SUM(D30,S30,AH30,AW30) -> 5 | BM30: =(BL30/BJ30) -> 5
A31: ='IA-SI TANKER'!B16 -> Glenda Melissa | B31: 1 | D31: =SUM(F31:P31) -> 5 | E31: =(D31/B31) -> 5 | I31: 2 | L31: 2 | M31: 1 | S31: =SUM(U31:AE31) -> 0 | T31: =(S31/Q31) -> #DIV/0! | AH31: =SUM(AJ31:AT31) -> 0 | AI31: =(AH31/AF31) -> #DIV/0! | AW31: =SUM(AY31:BI31) -> 0 | AX31: =(AW31/AU31) -> #DIV/0! | BJ31: =SUM(B31+Q31+AF31+AU31) -> 1 | BL31: =SUM(D31,S31,AH31,AW31) -> 5 | BM31: =(BL31/BJ31) -> 5
A32: ='IA-SI TANKER'!B17 -> Glenda Melody | D32: =SUM(F32:P32) -> 0 | E32: =(D32/B31) -> 0 | S32: =SUM(U32:AE32) -> 0 | T32: =(S32/Q32) -> #DIV/0! | AH32: =SUM(AJ32:AT32) -> 0 | AI32: =(AH32/AF32) -> #DIV/0! | AW32: =SUM(AY32:BI32) -> 0 | AX32: =(AW32/AU32) -> #DIV/0! | BJ32: =SUM(B32+Q32+AF32+AU32) -> 0 | BL32: =SUM(D32,S32,AH32,AW32) -> 0 | BM32: =(BL32/BJ32) -> #DIV/0!
A33: ='IA-SI TANKER'!B18 -> Glenda Meryl | D33: =SUM(F33:P33) -> 0 | E33: =(D33/B33) -> #DIV/0! | S33: =SUM(U33:AE33) -> 0 | T33: =(S33/Q33) -> #DIV/0! | AH33: =SUM(AJ33:AT33) -> 0 | AI33: =(AH33/AF33) -> #DIV/0! | AU33: 1 | AW33: =SUM(AY33:BI33) -> 9 | AX33: =(AW33/AU33) -> 9 | BB33: 4 | BC33: 1 | BD33: 1 | BE33: 1 | BG33: 1 | BH33: 1 | BJ33: =SUM(B33+Q33+AF33+AU33) -> 1 | BL33: =SUM(D33,S33,AH33,AW33) -> 9 | BM33: =(BL33/BJ33) -> 9
A34: ='IA-SI TANKER'!B19 -> Herolds Bay | D34: =SUM(F34:P34) -> 0 | E34: =(D34/B34) -> #DIV/0! | S34: =SUM(U34:AE34) -> 0 | T34: =(S34/Q34) -> #DIV/0! | AH34: =SUM(AJ34:AT34) -> 0 | AI34: =(AH34/AF34) -> #DIV/0! | AU34: 1 | AW34: =SUM(AY34:BI34) -> 8 | AX34: =(AW34/AU34) -> 8 | BB34: 3 | BG34: 4 | BH34: 1 | BJ34: =SUM(B34+Q34+AF34+AU34) -> 1 | BL34: =SUM(D34,S34,AH34,AW34) -> 8 | BM34: =(BL34/BJ34) -> 8
A35: ='IA-SI TANKER'!B20 -> High Explorer | D35: =SUM(F35:P35) -> 0 | E35: =(D35/B35) -> #DIV/0! | S35: =SUM(U35:AE35) -> 0 | T35: =(S35/Q35) -> #DIV/0! | AF35: 1 | AH35: =SUM(AJ35:AT35) -> 7 | AI35: =(AH35/AF35) -> 7 | AM35: 5 | AP35: 1 | AS35: 1 | AW35: =SUM(AY35:BI35) -> 0 | AX35: =(AW35/AU35) -> #DIV/0! | BJ35: =SUM(B35+Q35+AF35+AU35) -> 1 | BL35: =SUM(D35,S35,AH35,AW35) -> 7 | BM35: =(BL35/BJ35) -> 7
A36: ='IA-SI TANKER'!B21 -> High Mariner | D36: =SUM(F36:P36) -> 0 | E36: =(D36/B36) -> #DIV/0! | S36: =SUM(U36:AE36) -> 0 | T36: =(S36/Q36) -> #DIV/0! | AH36: =SUM(AJ36:AT36) -> 0 | AI36: =(AH36/AF36) -> #DIV/0! | AW36: =SUM(AY36:BI36) -> 0 | AX36: =(AW36/AU36) -> #DIV/0! | BJ36: =SUM(B36+Q36+AF36+AU36) -> 0 | BL36: =SUM(D36,S36,AH36,AW36) -> 0 | BM36: =(BL36/BJ36) -> #DIV/0!
A37: ='IA-SI TANKER'!B22 -> High Transporter | D37: =SUM(F37:P37) -> 0 | E37: =(D37/B37) -> #DIV/0! | S37: =SUM(U37:AE37) -> 0 | T37: =(S37/Q37) -> #DIV/0! | AH37: =SUM(AJ37:AT37) -> 0 | AI37: =(AH37/AF37) -> #DIV/0! | AU37: 1 | AW37: =SUM(AY37:BI37) -> 6 | AX37: =(AW37/AU37) -> 6 | BB37: 2 | BD37: 1 | BE37: 1 | BG37: 1 | BH37: 1 | BJ37: =SUM(B37+Q37+AF37+AU37) -> 1 | BL37: =SUM(D37,S37,AH37,AW37) -> 6 | BM37: =(BL37/BJ37) -> 6
A38: ='IA-SI TANKER'!B$23 -> Kalk Bay | D38: =SUM(F38:P38) -> 0 | E38: =(D38/B38) -> #DIV/0! | Q38: 1 | S38: =SUM(U38:AE38) -> 5 | T38: =(S38/Q38) -> 5 | X38: 5 | AH38: =SUM(AJ38:AT38) -> 0 | AI38: =(AH38/AF38) -> #DIV/0! | AW38: =SUM(AY38:BI38) -> 0 | AX38: =(AW38/AU38) -> #DIV/0! | BJ38: =SUM(B38+Q38+AF38+AU38) -> 1 | BL38: =SUM(D38,S38,AH38,AW38) -> 5 | BM38: =(BL38/BJ38) -> 5
A39: ='IA-SI TANKER'!B$24 -> Mossel Bay | B39: 1 | D39: =SUM(F39:P39) -> 5 | E39: =(D39/B39) -> 5 | I39: 4 | N39: 1 | S39: =SUM(U39:AE39) -> 0 | T39: =(S39/Q39) -> #DIV/0! | AH39: =SUM(AJ39:AT39) -> 0 | AI39: =(AH39/AF39) -> #DIV/0! | AU39: 1 | AW39: =SUM(AY39:BI39) -> 6 | AX39: =(AW39/AU39) -> 6 | BB39: 4 | BH39: 2 | BJ39: =SUM(B39+Q39+AF39+AU39) -> 2 | BL39: =SUM(D39,S39,AH39,AW39) -> 11 | BM39: =(BL39/BJ39) -> 5.5
A40: ='IA-SI TANKER'!B25 -> Philotimos | D40: =SUM(F40:P40) -> 0 | E40: =(D40/B40) -> #DIV/0! | S40: =SUM(U40:AE40) -> 0 | T40: =(S40/Q40) -> #DIV/0! | AF40: 1 | AH40: =SUM(AJ40:AT40) -> 6 | AI40: =(AH40/AF40) -> 6 | AM40: 4 | AN40: 1 | AR40: 1 | AW40: =SUM(AY40:BI40) -> 0 | AX40: =(AW40/AU40) -> #DIV/0! | BJ40: =SUM(B40+Q40+AF40+AU40) -> 1 | BL40: =SUM(D40,S40,AH40,AW40) -> 6 | BM40: =(BL40/BJ40) -> 6
A41: ='IA-SI TANKER'!B26 -> Philoxenia | B41: 1 | D41: =SUM(F41:P41) -> 4 | E41: =(D41/B41) -> 4 | I41: 3 | N41: 1 | S41: =SUM(U41:AE41) -> 0 | T41: =(S41/Q41) -> #DIV/0! | AH41: =SUM(AJ41:AT41) -> 0 | AI41: =(AH41/AF41) -> #DIV/0! | AU41: 1 | AW41: =SUM(AY41:BI41) -> 4 | AX41: =(AW41/AU41) -> 4 | AZ41: 1 | BB41: 3 | BJ41: =SUM(B41+Q41+AF41+AU41) -> 2 | BL41: =SUM(D41,S41,AH41,AW41) -> 8 | BM41: =(BL41/BJ41) -> 4
A42: ='IA-SI TANKER'!B27 -> PNX Conqueror | B42: 1 | D42: =SUM(F42:P42) -> 5 | E42: =(D42/B42) -> 5 | I42: 1 | L42: 1 | M42: 2 | O42: 1 | S42: =SUM(U42:AE42) -> 0 | T42: =(S42/Q42) -> #DIV/0! | AH42: =SUM(AJ42:AT42) -> 0 | AI42: =(AH42/AF42) -> #DIV/0! | AW42: =SUM(AY42:BI42) -> 0 | AX42: =(AW42/AU42) -> #DIV/0! | BJ42: =SUM(B42+Q42+AF42+AU42) -> 1 | BL42: =SUM(D42,S42,AH42,AW42) -> 5 | BM42: =(BL42/BJ42) -> 5
A43: ='IA-SI TANKER'!B28 -> PS Tokyo (Gone) | B43: 1 | D43: =SUM(F43:P43) -> 3 | E43: =(D43/B43) -> 3 | I43: 3 | S43: =SUM(U43:AE43) -> 0 | T43: =(S43/Q43) -> #DIV/0! | AH43: =SUM(AJ43:AT43) -> 0 | AI43: =(AH43/AF43) -> #DIV/0! | AW43: =SUM(AY43:BI43) -> 0 | AX43: =(AW43/AU43) -> #DIV/0! | BJ43: =SUM(B43+Q43+AF43+AU43) -> 1 | BL43: =SUM(D43,S43,AH43,AW43) -> 3 | BM43: =(BL43/BJ43) -> 3
A44: ='IA-SI TANKER'!B29 -> PS Vancouver | D44: =SUM(F44:P44) -> 0 | E44: =(D44/B44) -> #DIV/0! | S44: =SUM(U44:AE44) -> 0 | T44: =(S44/Q44) -> #DIV/0! | AF44: 1 | AH44: 6 | AI44: =(AH44/AF44) -> 6 | AM44: 4 | AR44: 2 | AW44: =SUM(AY44:BI44) -> 0 | AX44: =(AW44/AU44) -> #DIV/0! | BJ44: =SUM(B44+Q44+AF44+AU44) -> 1 | BL44: =SUM(D44,S44,AH44,AW44) -> 6 | BM44: =(BL44/BJ44) -> 6
A45: ='IA-SI TANKER'!B30 -> Table Bay | D45: =SUM(F45:P45) -> 0 | E45: =(D45/B45) -> #DIV/0! | Q45: 1 | S45: =SUM(U45:AE45) -> 5 | T45: =(S45/Q45) -> 5 | X45: 3 | AC45: 2 | AH45: =SUM(AJ45:AT45) -> 0 | AI45: =(AH45/AF45) -> #DIV/0! | AW45: =SUM(AY45:BI45) -> 0 | AX45: =(AW45/AU45) -> #DIV/0! | BJ45: =SUM(B45+Q45+AF45+AU45) -> 1 | BL45: =SUM(D45,S45,AH45,AW45) -> 5 | BM45: =(BL45/BJ45) -> 5
A46: ='IA-SI TANKER'!B31 -> Rui Fu Sheng | D46: =SUM(F46:P46) -> 0 | E46: =(D46/B46) -> #DIV/0! | S46: =SUM(U46:AE46) -> 0 | T46: =(S46/Q46) -> #DIV/0! | AH46: =SUM(AJ46:AT46) -> 0 | AI46: =(AH46/AF46) -> #DIV/0! | AW46: =SUM(AY46:BI46) -> 0 | AX46: =(AW46/AU46) -> #DIV/0! | BJ46: =SUM(B46+Q46+AF46+AU46) -> 0 | BL46: =SUM(D46,S46,AH46,AW46) -> 0 | BM46: =(BL46/BJ46) -> #DIV/0!
A47: ='IA-SI TANKER'!B32 -> Vialli | B47: 1 | D47: =SUM(F47:P47) -> 2 | E47: =(D47/B47) -> 2 | I47: 2 | S47: =SUM(U47:AE47) -> 0 | T47: =(S47/Q47) -> #DIV/0! | AH47: =SUM(AJ47:AT47) -> 0 | AI47: =(AH47/AF47) -> #DIV/0! | AW47: =SUM(AY47:BI47) -> 0 | AX47: =(AW47/AU47) -> #DIV/0! | BJ47: =SUM(B47+Q47+AF47+AU47) -> 1 | BL47: =SUM(D47,S47,AH47,AW47) -> 2 | BM47: =(BL47/BJ47) -> 2
A48: ='IA-SI TANKER'!B33 -> Victoria Bay | D48: =SUM(F48:P48) -> 0 | E48: =(D48/B48) -> #DIV/0! | Q48: 1 | S48: =SUM(U48:AE48) -> 4 | T48: =(S48/Q48) -> 4 | X48: 4 | AH48: =SUM(AJ48:AT48) -> 0 | AI48: =(AH48/AF48) -> #DIV/0! | AW48: =SUM(AY48:BI48) -> 0 | AX48: =(AW48/AU48) -> #DIV/0! | BJ48: =SUM(B48+Q48+AF48+AU48) -> 1 | BL48: =SUM(D48,S48,AH48,AW48) -> 4 | BM48: =(BL48/BJ48) -> 4
A49: =' IA-SI DRY'!B4 -> Cielo di Valparaiso | D49: =SUM(F49:P49) -> 0 | E49: =(D49/B49) -> #DIV/0! | S49: =SUM(U49:AE49) -> 0 | T49: =(S49/Q49) -> #DIV/0! | AH49: =SUM(AJ49:AT49) -> 0 | AI49: =(AH49/AF49) -> #DIV/0! | AW49: =SUM(AY49:BI49) -> 0 | AX49: =(AW49/AU49) -> #DIV/0! | BJ49: =SUM(B49+Q49+AF49+AU49) -> 0 | BL49: =SUM(D49,S49,AH49,AW49) -> 0 | BM49: =(BL49/BJ49) -> #DIV/0!
A50: =' IA-SI DRY'!B5 -> Cielo Dei Maronti | D50: =SUM(F50:P50) -> 0 | E50: =(D50/B50) -> #DIV/0! | S50: =SUM(U50:AE50) -> 0 | T50: =(S50/Q50) -> #DIV/0! | AH50: =SUM(AJ50:AT50) -> 0 | AI50: =(AH50/AF50) -> #DIV/0! | AW50: =SUM(AY50:BI50) -> 0 | AX50: =(AW50/AU50) -> #DIV/0! | BJ50: =SUM(B50+Q50+AF50+AU50) -> 0 | BL50: =SUM(D50,S50,AH50,AW50) -> 0 | BM50: =(BL50/BJ50) -> #DIV/0!
A51: =' IA-SI DRY'!B6 -> Medi Adriatico | D51: =SUM(F51:P51) -> 0 | E51: =(D51/B51) -> #DIV/0! | S51: =SUM(U51:AE51) -> 0 | T51: =(S51/Q51) -> #DIV/0! | AF51: 1 | AH51: =SUM(AJ51:AT51) -> 5 | AI51: =(AH51/AF51) -> 5 | AM51: 5 | AW51: =SUM(AY51:BI51) -> 0 | AX51: =(AW51/AU51) -> #DIV/0! | BJ51: =SUM(B51+Q51+AF51+AU51) -> 1 | BL51: =SUM(D51,S51,AH51,AW51) -> 5 | BM51: =(BL51/BJ51) -> 5
A52: =' IA-SI DRY'!B7 -> Medi Atlantico | D52: =SUM(F52:P52) -> 0 | E52: =(D52/B52) -> #DIV/0! | S52: =SUM(U52:AE52) -> 0 | T52: =(S52/Q52) -> #DIV/0! | AH52: =SUM(AJ52:AT52) -> 0 | AI52: =(AH52/AF52) -> #DIV/0! | AW52: =SUM(AY52:BI52) -> 0 | AX52: =(AW52/AU52) -> #DIV/0! | BJ52: =SUM(B52+Q52+AF52+AU52) -> 0 | BL52: =SUM(D52,S52,AH52,AW52) -> 0 | BM52: =(BL52/BJ52) -> #DIV/0!
A53: =' IA-SI DRY'!B8 -> Medi Egadi | D53: =SUM(F53:P53) -> 0 | E53: =(D53/B53) -> #DIV/0! | S53: =SUM(U53:AE53) -> 0 | T53: =(S53/Q53) -> #DIV/0! | AH53: =SUM(AJ53:AT53) -> 0 | AI53: =(AH53/AF53) -> #DIV/0! | AW53: =SUM(AY53:BI53) -> 0 | AX53: =(AW53/AU53) -> #DIV/0! | BJ53: =SUM(B53+Q53+AF53+AU53) -> 0 | BL53: =SUM(D53,S53,AH53,AW53) -> 0 | BM53: =(BL53/BJ53) -> #DIV/0!
A54: =' IA-SI DRY'!B9 -> Medi Egeo | D54: =SUM(F54:P54) -> 0 | E54: =(D54/B54) -> #DIV/0! | S54: =SUM(U54:AE54) -> 0 | T54: =(S54/Q54) -> #DIV/0! | AH54: =SUM(AJ54:AT54) -> 0 | AI54: =(AH54/AF54) -> #DIV/0! | AW54: =SUM(AY54:BI54) -> 0 | AX54: =(AW54/AU54) -> #DIV/0! | BJ54: =SUM(B54+Q54+AF54+AU54) -> 0 | BL54: =SUM(D54,S54,AH54,AW54) -> 0 | BM54: =(BL54/BJ54) -> #DIV/0!
A55: =' IA-SI DRY'!B10 -> Medi Matsuura | D55: =SUM(F55:P55) -> 0 | E55: =(D55/B55) -> #DIV/0! | S55: =SUM(U55:AE55) -> 0 | T55: =(S55/Q55) -> #DIV/0! | AH55: =SUM(AJ55:AT55) -> 0 | AI55: =(AH55/AF55) -> #DIV/0! | AU55: 1 | AW55: =SUM(AY55:BI55) -> 2 | AX55: =(AW55/AU55) -> 2 | BB55: 2 | BJ55: =SUM(B55+Q55+AF55+AU55) -> 1 | BL55: =SUM(D55,S55,AH55,AW55) -> 2 | BM55: =(BL55/BJ55) -> 2
A56: =' IA-SI DRY'!B11 -> Medi Palmarola | D56: =SUM(F56:P56) -> 0 | E56: =(D56/B56) -> #DIV/0! | S56: =SUM(U56:AE56) -> 0 | T56: =(S56/Q56) -> #DIV/0! | AF56: 1 | AH56: =SUM(AJ56:AT56) -> 6 | AI56: =(AH56/AF56) -> 6 | AL56: 1 | AM56: 1 | AN56: 2 | AQ56: 2 | AW56: =SUM(AY56:BI56) -> 0 | AX56: =(AW56/AU56) -> #DIV/0! | BJ56: =SUM(B56+Q56+AF56+AU56) -> 1 | BL56: =SUM(D56,S56,AH56,AW56) -> 6 | BM56: =(BL56/BJ56) -> 6
A57: =' IA-SI DRY'!B12 -> Medi Sydney | D57: =SUM(F57:P57) -> 0 | E57: =(D57/B57) -> #DIV/0! | S57: =SUM(U57:AE57) -> 0 | T57: =(S57/Q57) -> #DIV/0! | AH57: =SUM(AJ57:AT57) -> 0 | AI57: =(AH57/AF57) -> #DIV/0! | AU57: 1 | AW57: 7 | AX57: =(AW57/AU57) -> 7 | BB57: 4 | BC57: 1 | BF57: 1 | BH57: 1 | BJ57: =SUM(B57+Q57+AF57+AU57) -> 1 | BL57: =SUM(D57,S57,AH57,AW57) -> 7 | BM57: =(BL57/BJ57) -> 7
A58: =' IA-SI DRY'!B13 -> Medi Tirreno | D58: =SUM(F58:P58) -> 0 | E58: =(D58/B58) -> #DIV/0! | S58: =SUM(U58:AE58) -> 0 | T58: =(S58/Q58) -> #DIV/0! | AH58: =SUM(AJ58:AT58) -> 0 | AI58: =(AH58/AF58) -> #DIV/0! | AW58: =SUM(AY58:BI58) -> 0 | AX58: =(AW58/AU58) -> #DIV/0! | BJ58: =SUM(B58+Q58+AF58+AU58) -> 0 | BL58: =SUM(D58,S58,AH58,AW58) -> 0 | BM58: =(BL58/BJ58) -> #DIV/0!
A59: =' IA-SI DRY'!B14 -> Medi Zuoz | D59: =SUM(F59:P59) -> 0 | E59: =(D59/B59) -> #DIV/0! | S59: =SUM(U59:AE59) -> 0 | T59: =(S59/Q59) -> #DIV/0! | AF59: 1 | AH59: =SUM(AJ59:AT59) -> 6 | AI59: =(AH59/AF59) -> 6 | AL59: 1 | AM59: 3 | AP59: 1 | AR59: 1 | AW59: 0 | AX59: =(AW59/AU59) -> #DIV/0! | BJ59: =SUM(B59+Q59+AF59+AU59) -> 1 | BL59: =SUM(D59,S59,AH59,AW59) -> 6 | BM59: =(BL59/BJ59) -> 6
A60: =' IA-SI DRY'!B15 -> Medi Caboto | D60: =SUM(F60:P60) -> 0 | E60: =(D60/B60) -> #DIV/0! | S60: =SUM(U60:AE60) -> 0 | T60: =(S60/Q60) -> #DIV/0! | AH60: =SUM(AJ60:AT60) -> 0 | AI60: =(AH60/AF60) -> #DIV/0! | AW60: =SUM(AY60:BI60) -> 0 | AX60: =(AW60/AU60) -> #DIV/0! | BJ60: =SUM(B60+Q60+AF60+AU60) -> 0 | BL60: =SUM(D60,S60,AH60,AW60) -> 0 | BM60: =(BL60/BJ60) -> #DIV/0!
A61: Total Fleet | B61: =SUM(B19:B60) -> 7 | D61: =SUM(D19:D60) -> 26 | E61: =(D61/B61) -> 3.7142857 | F61: =SUM(F19:F60) -> 0 | G61: =SUM(G19:G60) -> 0 | H61: =SUM(H19:H60) -> 0 | I61: =SUM(I19:I60) -> 16 | J61: =SUM(J19:J60) -> 0 | K61: =SUM(K19:K60) -> 0 | L61: =SUM(L19:L60) -> 3 | M61: =SUM(M19:M60) -> 4 | ... Q61: =SUM(Q19:Q60) -> 7 | S61: =SUM(S19:S60) -> 31 | T61: =(S61/Q61) -> 4.4285714 | U61: =SUM(U19:U60) -> 0 | V61: =SUM(V19:V60) -> 0 | W61: =SUM(W19:W60) -> 0 | X61: =SUM(X19:X60) -> 26 | Y61: =SUM(Y19:Y60) -> 0 | Z61: =SUM(Z19:Z60) -> 0 | AA61: =SUM(AA19:AA60) -> 0 | AB61: =SUM(AB19:AB60) -> 0 | ... AF61: =SUM(AF19:AF60) -> 9 | AH61: =SUM(AH19:AH60) -> 51 | AI61: =(AH61/AF61) -> 5.6666667 | AJ61: =SUM(AJ19:AJ60) -> 0 | AK61: =SUM(AK19:AK60) -> 1 | AL61: =SUM(AL19:AL60) -> 4 | AM61: =SUM(AM19:AM60) -> 30 | AN61: =SUM(AN19:AN60) -> 3 | AO61: =SUM(AO19:AO60) -> 0 | AP61: =SUM(AP19:AP60) -> 2 | AQ61: =SUM(AQ19:AQ60) -> 2 | ... AU61: =SUM(AU19:AU60) -> 11 | AW61: =SUM(AW19:AW60) -> 62 | AX61: =(AW61/AU61) -> 5.6363636 | AY61: =SUM(AY19:AY60) -> 0 | AZ61: =SUM(AZ19:AZ60) -> 1 | BA61: =SUM(BA19:BA60) -> 0 | BB61: =SUM(BB19:BB60) -> 40 | BC61: =SUM(BC19:BC60) -> 2 | BD61: =SUM(BD19:BD60) -> 2 | BE61: =SUM(BE19:BE60) -> 2 | BF61: =SUM(BF19:BF60) -> 1 | ... BJ61: =SUM(BJ19:BJ60) -> 34 | BL61: =SUM(BL19:BL60) -> 170 | BM61: =(BL61/BJ61) -> 5
A63: General Fleet
B64: 2020 | C64: 2021 | D64: 2022 | E64: 2023 | F64: 2024
A65: Vessels | B65: 37 | C65: 32 | D65: 36 | E65: 35 | F65: 34
A66: Inspections | B66: 37 | C66: 43 | D66: 46 | E66: 29 | F66: =B61+Q61+AF61+AU61 -> 34
A67: Deficiencies | B67: 99 | C67: 151 | D67: 201 | E67: 100 | F67: =D61+S61+AH61+AW61 -> 170
A68: Def x Insp | B68: =B67/B66 -> 2.6756757 | C68: =C67/C66 -> 3.5116279 | D68: =D67/D66 -> 4.3695652 | E68: =E67/E66 -> 3.4482759 | F68: =F67/F66 -> 5
A70: Tanker Fleet
B71: 2020 | C71: 2021 | D71: 2022 | E71: 2023 | F71: 2024
A72: Vessels | B72: 26 | C72: 22 | D72: 23 | E72: 21 | F72: 25
A73: Inspections | B73: 26 | C73: 31 | D73: 21 | E73: 22 | F73: =SUM(B19:B48,Q19:Q48,AF19:AF48,AU19:AU48) -> 29
A74: Deficiencies | B74: 67 | C74: 90 | D74: 96 | E74: 31 | F74: =SUM(D19:D48,S19:S48,AH19:AH48,AW18:AW48) -> 144
A75: Def x Insp | B75: =B74/B73 -> 2.5769231 | C75: 2.9 | D75: =D74/D73 -> 4.5714286 | E75: =E74/E73 -> 1.4090909 | F75: =F74/F73 -> 4.9655172
A77: Dry Fleet
B78: 2020 | C78: 2021 | D78: 2022 | E78: 2023 | F78: 2024
A79: Vessels | B79: 11 | C79: 10 | D79: 13 | E79: 10 | F79: 9
A80: Inspections | B80: 11 | C80: 12 | D80: 18 | E80: 7 | F80: =SUM(B49:B60,Q49:Q60,AF49:AF60,AU49:AU60) -> 5
A81: Deficiencies | B81: 32 | C81: 61 | D81: 75 | E81: 23 | F81: =SUM(D49:D60,S49:S60,AH49:AH60,AW49:AW60) -> 26
A82: Def x Insp | B82: 2.9090909 | C82: 5.08 | D82: =D81/D80 -> 4.1666667 | E82: =E81/E80 -> 3.2857143 | F82: =F81/F80 -> 5.2
A86: General
B87: 1st quarter | C87: 2nd quarter | D87: 3rd quarter | E87: 4th quarter | F87: Total
A88: 2 Certification and Documentation | B88: =F61 -> 0 | C88: =U61 -> 0 | D88: =AJ61 -> 0 | E88: =AY61 -> 0 | F88: =SUM(B88:E88) -> 0 | H88: =F88/$F$11 -> 0
A89: 3 Crew Management | B89: =G61 -> 0 | C89: =V61 -> 0 | D89: =AK61 -> 1 | E89: =AZ61 -> 1 | F89: =SUM(B89:E89) -> 2 | H89: =F89/$F$11 -> 0.058823529
A90: 4 Navigation and Communication | B90: =H61 -> 0 | C90: =W61 -> 0 | D90: =AL61 -> 4 | E90: =BA61 -> 0 | F90: =SUM(B90:E90) -> 4 | H90: =F90/$F$11 -> 0.11764706
A91: 5 Safety Managemenet | B91: =I61 -> 16 | C91: =X61 -> 26 | D91: =AM61 -> 30 | E91: =BB61 -> 40 | F91: =SUM(B91:E91) -> 112 | H91: =F91/$F$11 -> 3.2941176
A92: 6 Pollution Prevention | B92: =J61 -> 0 | C92: =Y61 -> 0 | D92: =AN61 -> 3 | E92: =BC61 -> 2 | F92: =SUM(B92:E92) -> 5 | H92: =F92/$F$11 -> 0.14705882
A93: 7 Maritime Security | B93: =K61 -> 0 | C93: =Z61 -> 0 | D93: =AO61 -> 0 | E93: =BD61 -> 2 | F93: =SUM(B93:E93) -> 2 | H93: =F93/$F$11 -> 0.058823529
A94: 8 Cargo and Ballast System | B94: =L61 -> 3 | C94: =AA61 -> 0 | D94: =AP61 -> 2 | E94: =BE61 -> 2 | F94: =SUM(B94:E94) -> 7 | H94: =F94/$F$11 -> 0.20588235
A95: 9 Mooring | B95: =M61 -> 4 | C95: =AB61 -> 0 | D95: =AQ61 -> 2 | E95: =BF61 -> 1 | F95: =SUM(B95:E95) -> 7 | H95: =F95/$F$11 -> 0.20588235
A96: 10 Engine and Steering Compartments | B96: =N61 -> 2 | C96: =AC61 -> 4 | D96: =AR61 -> 7 | E96: =BG61 -> 8 | F96: =SUM(B96:E96) -> 21 | H96: =F96/$F$11 -> 0.61764706
A97: 11 General Appearance Condition | B97: =O61 -> 1 | C97: =AD61 -> 1 | D97: =AS61 -> 2 | E97: =BH61 -> 6 | F97: =SUM(B97:E97) -> 10 | H97: =F97/$F$11 -> 0.29411765
A98: 12 Ice Operations | B98: =P61 -> 0 | C98: =AE61 -> 0 | D98: =AT61 -> 0 | E98: =BI61 -> 0 | F98: =SUM(B98:E98) -> 0 | H98: =F98/$F$11 -> 0
B99: =SUM(B88:B98) -> 26 | C99: =SUM(C88:C98) -> 31 | D99: =SUM(D88:D98) -> 51 | E99: =SUM(E88:E98) -> 62 | F99: =SUM(F88:F98) -> 170 | G99: =SUM(G88:G98) -> 0
A102: Tanker
B103: 1st quarter | C103: 2nd quarter | D103: 3rd quarter | E103: 4th quarter | F103: Total
A104: 2 Certification and Documentation | B104: =SUM(F19:F48) -> 0 | C104: =SUM(U19:U48) -> 0 | D104: =SUM(AJ19:AJ48) -> 0 | E104: =SUM(AY19:AY48) -> 0 | F104: =SUM(B104:E104) -> 0 | H104: =F104/$Y$11 -> 0
A105: 3 Crew Management | B105: =SUM(G19:G48) -> 0 | C105: =SUM(V19:V48) -> 0 | D105: =SUM(AK19:AK48) -> 1 | E105: =SUM(AZ19:AZ48) -> 1 | F105: =SUM(B105:E105) -> 2 | H105: =F105/$Y$11 -> 0.068965517
A106: 4 Navigation and Communication | B106: =SUM(H19:H48) -> 0 | C106: =SUM(W19:W48) -> 0 | D106: =SUM(AL19:AL48) -> 2 | E106: =SUM(BA19:BA48) -> 0 | F106: =SUM(B106:E106) -> 2 | H106: =F106/$Y$11 -> 0.068965517
A107: 5 Safety Managemenet | B107: =SUM(I19:I48) -> 16 | C107: =SUM(X19:X48) -> 26 | D107: =SUM(AM19:AM48) -> 21 | E107: =SUM(BB19:BB48) -> 34 | F107: =SUM(B107:E107) -> 97 | H107: =F107/$Y$11 -> 3.3448276
A108: 6 Pollution Prevention | B108: =SUM(J19:J48) -> 0 | C108: =SUM(Y19:Y48) -> 0 | D108: =SUM(AN19:AN48) -> 1 | E108: =SUM(BC19:BC48) -> 1 | F108: =SUM(B108:E108) -> 2 | H108: =F108/$Y$11 -> 0.068965517
A109: 7 Maritime Security | B109: =SUM(K19:K48) -> 0 | C109: =SUM(Z19:Z48) -> 0 | D109: =SUM(AO19:AO48) -> 0 | E109: =SUM(BD19:BD48) -> 2 | F109: =SUM(B109:E109) -> 2 | H109: =F109/$Y$11 -> 0.068965517
A110: 8 Cargo and Ballast System | B110: =SUM(L19:L48) -> 3 | C110: =SUM(AA19:AA48) -> 0 | D110: =SUM(AP19:AP48) -> 1 | E110: =SUM(BE19:BE48) -> 2 | F110: =SUM(B110:E110) -> 6 | H110: =F110/$Y$11 -> 0.20689655
A111: 9 Mooring | B111: =SUM(M19:M48) -> 4 | C111: =SUM(AB19:AB48) -> 0 | D111: =SUM(AQ19:AQ48) -> 0 | E111: =SUM(BF19:BF48) -> 0 | F111: =SUM(B111:E111) -> 4 | H111: =F111/$Y$11 -> 0.13793103
A112: 10 Engine and Steering Compartments | B112: =SUM(N19:N48) -> 2 | C112: =SUM(AC19:AC48) -> 4 | D112: =SUM(AR19:AR48) -> 6 | E112: =SUM(BG19:BG48) -> 8 | F112: =SUM(B112:E112) -> 20 | H112: =F112/$Y$11 -> 0.68965517
A113: 11 General Appearance Condition | B113: =SUM(O19:O48) -> 1 | C113: =SUM(AD19:AD48) -> 1 | D113: =SUM(AS19:AS48) -> 2 | E113: =SUM(BH19:BH48) -> 5 | F113: =SUM(B113:E113) -> 9 | H113: =F113/$Y$11 -> 0.31034483
A114: 12 Ice Operations | B114: =SUM(P19:P48) -> 0 | C114: =SUM(AE19:AE48) -> 0 | D114: =SUM(AT19:AT48) -> 0 | E114: =SUM(BI19:BI48) -> 0 | F114: =SUM(B114:E114) -> 0 | H114: =F114/$Y$11 -> 0
B115: =SUM(B104:B114) -> 26 | C115: =SUM(C104:C114) -> 31 | D115: =SUM(D104:D114) -> 34 | E115: =SUM(E104:E114) -> 53 | F115: =SUM(F104:F114) -> 144 | G115: =SUM(G104:G114) -> 0
A118: Dry
B119: 1st quarter | C119: 2nd quarter | D119: 3rd quarter | E119: 4th quarter | F119: Total
...

Sheet Nav.Audit Comparison
D2: Navigation Audit Remarks by Master | K2: FLEET | L2: 2020 | M2: 2021 | N2: 2022 | O2: 2023 | P2: 2024
D3: I Quarter | E3: II Quarter | F3: III Quarter | G3: IV Quarter | H3: Total | K3: By Master | L3: 146 | M3: 216 | N3: 113 | O3: 215 | P3: =SUM(H4:H44) -> 259
B4: ='IA-SI TANKER'!B4 -> Alpine Pembroke (Sold) | D4: 0 | H4: =SUM(D4:G4) -> 0 | L4: 39 | M4: 19 | N4: 62 | O4: 56 | P4: =P10+P16 -> 81
B5: ='IA-SI TANKER'!B5 -> Alpine Pioneer (Sold) | H5: =SUM(D5:G5) -> 0 | K5: By vetting | L5: 9 | M5: 13 | N5: 7 | O5: 10 | P5: =SUM(H50:H79) -> 15
B6: ='IA-SI TANKER'!B6 -> Bagheera | D6: 1 | E6: 4 | F6: 4 | G6: 6 | H6: =SUM(D6:G6) -> 15 | K6: By PSC | L6: 0 | M6: 0 | N6: 1 | O6: 3 | P6: =SUM(H84:H125) -> 10
B7: ='IA-SI TANKER'!B7 -> Bantry Bay | D7: 1 | E7: 1 | F7: 1 | G7: 1 | H7: =SUM(D7:G7) -> 4
B8: ='IA-SI TANKER'!B8 -> Bright Future | D8: 3 | E8: 1 | F8: 5 | G8: 3 | H8: =SUM(D8:G8) -> 12 | K8: TANKER | L8: 2020 | M8: 2021 | N8: 2022 | O8: 2023 | P8: 2024
B9: ='IA-SI TANKER'!B9 -> Cielo di Houston | D9: 1 | E9: 2 | F9: 2 | G9: 2 | H9: =SUM(D9:G9) -> 7 | K9: By Master | L9: 79 | M9: 110 | N9: 71 | O9: 163 | P9: =SUM(H4:H33) -> 201
B10: ='IA-SI TANKER'!B10 -> Cielo Rosso | D10: 1 | E10: 2 | F10: 0 | G10: 1 | H10: =SUM(D10:G10) -> 4 | K10: By Marine | L10: 21 | M10: 17 | N10: 42 | O10: 43 | P10: =SUM('Tanker Data'!P3:P122) -> 71
B11: ='IA-SI TANKER'!B11 -> Clearocean Maria | D11: 2 | E11: 1 | F11: 1 | G11: 3 | H11: =SUM(D11:G11) -> 7 | K11: By vetting | L11: 9 | M11: 13 | N11: 7 | O11: 10 | P11: =SUM(H50:H79) -> 15
B12: ='IA-SI TANKER'!B12 -> Clearocean Mary | D12: 1 | E12: 2 | F12: 1 | G12: 2 | H12: =SUM(D12:G12) -> 6 | K12: By PSC | L12: 0 | M12: 0 | N12: 0 | O12: 1 | P12: =SUM(H84:H113) -> 6
B13: ='IA-SI TANKER'!B13 -> Clearocean Mathilde | D13: 1 | E13: 1 | F13: 1 | G13: 2 | H13: =SUM(D13:G13) -> 5
B14: ='IA-SI TANKER'!B14 -> Clearocean Music | D14: 2 | E14: 2 | F14: 1 | G14: 2 | H14: =SUM(D14:G14) -> 7 | K14: DRY | L14: 2020 | M14: 2021 | N14: 2022 | O14: 2023 | P14: 2024
B15: ='IA-SI TANKER'!B15 -> Rui Fu Xing (Glenda Melanie) | D15: 3 | E15: 3 | F15: 2 | G15: 3 | H15: =SUM(D15:G15) -> 11 | K15: By Master | L15: 67 | M15: 106 | N15: 42 | O15: 52 | P15: =SUM(H34:H44) -> 58
B16: ='IA-SI TANKER'!B16 -> Glenda Melissa | D16: 2 | E16: 8 | F16: 3 | G16: 2 | H16: =SUM(D16:G16) -> 15 | K16: By Marine | L16: 18 | M16: 2 | N16: 20 | O16: 13 | P16: =SUM('Dry Data'!P3:P54) -> 10
B17: ='IA-SI TANKER'!B17 -> Glenda Melody | D17: 2 | E17: 1 | F17: 1 | G17: 2 | H17: =SUM(D17:G17) -> 6 | K17: By PSC | L17: 0 | M17: 0 | N17: 1 | O17: 2 | P17: =SUM(H114:H125) -> 4
B18: ='IA-SI TANKER'!B18 -> Glenda Meryl | D18: 0 | E18: 1 | F18: 1 | G18: 3 | H18: =SUM(D18:G18) -> 5
B19: ='IA-SI TANKER'!B19 -> Herolds Bay | D19: 1 | E19: 1 | F19: 1 | G19: 1 | H19: =SUM(D19:G19) -> 4
B20: ='IA-SI TANKER'!B20 -> High Explorer | D20: 1 | E20: 2 | F20: 1 | G20: 1 | H20: =SUM(D20:G20) -> 5
B21: ='IA-SI TANKER'!B21 -> High Mariner | G21: 4 | H21: =SUM(D21:G21) -> 4
B22: ='IA-SI TANKER'!B22 -> High Transporter | F22: 1 | G22: 2 | H22: =SUM(D22:G22) -> 3
B23: ='IA-SI TANKER'!B23 -> Kalk Bay | D23: 2 | E23: 2 | F23: 9 | G23: 1 | H23: =SUM(D23:G23) -> 14
B24: ='IA-SI TANKER'!B24 -> Mossel Bay | D24: 2 | E24: 2 | F24: 2 | G24: 3 | H24: =SUM(D24:G24) -> 9
B25: ='IA-SI TANKER'!B25 -> Philotimos | F25: 8 | G25: 1 | H25: =SUM(D25:G25) -> 9
B26: ='IA-SI TANKER'!B26 -> Philoxenia | D26: 2 | E26: 1 | F26: 1 | G26: 6 | H26: =SUM(D26:G26) -> 10
B27: ='IA-SI TANKER'!B27 -> PNX Conqueror | H27: =SUM(D27:G27) -> 0
B28: ='IA-SI TANKER'!B28 -> PS Tokyo (Gone) | D28: 2 | E28: 2 | H28: =SUM(D28:G28) -> 4
B29: ='IA-SI TANKER'!B29 -> PS Vancouver | D29: 1 | E29: 1 | F29: 2 | G29: 1 | H29: =SUM(D29:G29) -> 5
B30: ='Tanker Data'!A401 -> Table Bay | D30: 2 | E30: 2 | F30: 1 | G30: 1 | H30: =SUM(D30:G30) -> 6
B31: ='IA-SI TANKER'!B31 -> Rui Fu Sheng | D31: 1 | E31: 0 | F31: 2 | G31: 4 | H31: =SUM(D31:G31) -> 7
B32: ='IA-SI TANKER'!B32 -> Vialli | D32: 2 | E32: 3 | F32: 5 | G32: 1 | H32: =SUM(D32:G32) -> 11
B33: ='IA-SI TANKER'!B33 -> Victoria Bay | D33: 1 | E33: 1 | F33: 1 | G33: 3 | H33: =SUM(D33:G33) -> 6
B34: =' IA-SI DRY'!B4 -> Cielo di Valparaiso | D34: 3 | E34: 2 | H34: =SUM(D34:G34) -> 5
B35: =' IA-SI DRY'!B5 -> Cielo Dei Maronti | D35: 0 | E35: 1 | F35: 1 | G35: 1 | H35: =SUM(D35:G35) -> 3
B36: =' IA-SI DRY'!B6 -> Medi Adriatico | E36: 0 | F36: 1 | H36: =SUM(D36:G36) -> 1
B37: =' IA-SI DRY'!B7 -> Medi Atlantico | D37: 5 | E37: 0 | F37: 2 | G37: 2 | H37: =SUM(D37:G37) -> 9
B38: =' IA-SI DRY'!B15 -> Medi Caboto | H38: =SUM(D38:G38) -> 0
B39: =' IA-SI DRY'!B8 -> Medi Egadi | D39: 2 | E39: 3 | F39: 1 | G39: 1 | H39: =SUM(D39:G39) -> 7
B40: =' IA-SI DRY'!B9 -> Medi Egeo | D40: 1 | E40: 3 | F40: 3 | G40: 2 | H40: =SUM(D40:G40) -> 9
B41: =' IA-SI DRY'!B11 -> Medi Palmarola | D41: 2 | E41: 1 | F41: 1 | G41: 0 | H41: =SUM(D41:G41) -> 4
B42: Medi Sydney | F42: 5 | G42: 5 | H42: =SUM(D42:G42) -> 10
B43: =' IA-SI DRY'!B13 -> Medi Tirreno | E43: 2 | F43: 0 | G43: 4 | H43: =SUM(D43:G43) -> 6
B44: =' IA-SI DRY'!B14 -> Medi Zuoz | D44: 2 | E44: 0 | F44: 1 | G44: 1 | H44: =SUM(D44:G44) -> 4
D48: Navigation Remarks by Vetting
D49: I Quarter | E49: II Quarter | F49: III Quarter | G49: IV Quarter | H49: Total
B50: ='IA-SI TANKER'!B4 -> Alpine Pembroke (Sold) | D50: 1 | E50: 0 | F50: 0 | G50: 0 | H50: =SUM(D50:G50) -> 1
B51: ='IA-SI TANKER'!B5 -> Alpine Pioneer (Sold) | D51: 0 | E51: 0 | F51: 0 | G51: 0 | H51: =SUM(D51:G51) -> 0
B52: ='IA-SI TANKER'!B6 -> Bagheera | D52: 0 | E52: 0 | F52: 0 | G52: 3 | H52: =SUM(D52:G52) -> 3
B53: ='IA-SI TANKER'!B7 -> Bantry Bay | D53: 0 | E53: 0 | F53: 0 | G53: 0 | H53: =SUM(D53:G53) -> 0
B54: ='IA-SI TANKER'!B8 -> Bright Future | D54: 0 | E54: 0 | F54: 0 | G54: 0 | H54: =SUM(D54:G54) -> 0
B55: ='IA-SI TANKER'!B9 -> Cielo di Houston | D55: 0 | E55: 0 | F55: 0 | G55: 0 | H55: =SUM(D55:G55) -> 0
B56: ='IA-SI TANKER'!B10 -> Cielo Rosso | D56: 0 | E56: 0 | F56: 0 | G56: 0 | H56: =SUM(D56:G56) -> 0
B57: ='IA-SI TANKER'!B11 -> Clearocean Maria | D57: 0 | E57: 1 | F57: 1 | G57: 0 | H57: =SUM(D57:G57) -> 2
B58: ='IA-SI TANKER'!B12 -> Clearocean Mary | D58: 0 | E58: 1 | F58: 0 | G58: 0 | H58: =SUM(D58:G58) -> 1
B59: ='IA-SI TANKER'!B13 -> Clearocean Mathilde | D59: 0 | E59: 0 | F59: 0 | G59: 0 | H59: =SUM(D59:G59) -> 0
B60: ='IA-SI TANKER'!B14 -> Clearocean Music | D60: 0 | E60: 0 | F60: 2 | G60: 1 | H60: =SUM(D60:G60) -> 3
B61: ='IA-SI TANKER'!B15 -> Rui Fu Xing (Glenda Melanie) | D61: 0 | E61: 0 | F61: 0 | G61: 0 | H61: =SUM(D61:G61) -> 0
... B79: ='IA-SI TANKER'!B33 -> Victoria Bay | D79: 0 | E79: 0 | F79: 0 | G79: 0 | H79: =SUM(D79:G79) -> 0
D82: Navigation Remarks by PSC
D83: I Quarter | E83: II Quarter | F83: III Quarter | G83: IV Quarter | H83: Total
B84: ='IA-SI TANKER'!B4 -> Alpine Pembroke (Sold) | D84: 0 | E84: 0 | F84: 0 | G84: 0 | H84: =SUM(D84:G84) -> 0
B85: ='IA-SI TANKER'!B5 -> Alpine Pioneer (Sold) | D85: 0 | E85: 0 | F85: 0 | G85: 0 | H85: =SUM(D85:G85) -> 0
B86: ='IA-SI TANKER'!B6 -> Bagheera | D86: 0 | E86: 0 | F86: 0 | G86: 0 | H86: =SUM(D86:G86) -> 0
B87: ='IA-SI TANKER'!B7 -> Bantry Bay | D87: 0 | E87: 0 | F87: 0 | G87: 0 | H87: =SUM(D87:G87) -> 0
B88: ='IA-SI TANKER'!B8 -> Bright Future | D88: 0 | E88: 0 | F88: 0 | G88: 0 | H88: =SUM(D88:G88) -> 0
B89: ='IA-SI TANKER'!B9 -> Cielo di Houston | D89: 0 | E89: 0 | F89: 0 | G89: 0 | H89: =SUM(D89:G89) -> 0
B90: ='IA-SI TANKER'!B10 -> Cielo Rosso | D90: 0 | E90: 0 | F90: 0 | G90: 0 | H90: =SUM(D90:G90) -> 0
B91: ='IA-SI TANKER'!B11 -> Clearocean Maria | D91: 0 | E91: 0 | F91: 0 | G91: 0 | H91: =SUM(D91:G91) -> 0
B92: ='IA-SI TANKER'!B12 -> Clearocean Mary | D92: 0 | E92: 0 | F92: 0 | G92: 0 | H92: =SUM(D92:G92) -> 0
B93: ='IA-SI TANKER'!B13 -> Clearocean Mathilde | D93: 0 | E93: 0 | F93: 0 | G93: 0 | H93: =SUM(D93:G93) -> 0
B94: ='IA-SI TANKER'!B14 -> Clearocean Music | D94: 0 | E94: 0 | F94: 0 | G94: 0 | H94: =SUM(D94:G94) -> 0
B95: ='IA-SI TANKER'!B15 -> Rui Fu Xing (Glenda Melanie) | D95: 0 | E95: 1 | F95: 0 | G95: 0 | H95: =SUM(D95:G95) -> 1
... B113: ='IA-SI TANKER'!B33 -> Victoria Bay | D113: 0 | E113: 0 | F113: 0 | G113: 0 | H113: =SUM(D113:G113) -> 0
B114: =' IA-SI DRY'!B4 -> Cielo di Valparaiso | D114: 2 | E114: 0 | F114: 0 | G114: 0 | H114: =SUM(D114:G114) -> 2
B115: =' IA-SI DRY'!B5 -> Cielo Dei Maronti | D115: 0 | E115: 0 | F115: 0 | G115: 0 | H115: =SUM(D115:G115) -> 0
B116: =' IA-SI DRY'!B6 -> Medi Adriatico | D116: 0 | E116: 0 | F116: 0 | G116: 0 | H116: =SUM(D116:G116) -> 0
B117: =' IA-SI DRY'!B7 -> Medi Atlantico | D117: 0 | E117: 0 | F117: 0 | G117: 0 | H117: =SUM(D117:G117) -> 0
B118: =' IA-SI DRY'!B15 -> Medi Caboto | D118: 0 | E118: 0 | F118: 0 | G118: 0 | H118: =SUM(D118:G118) -> 0
B119: =' IA-SI DRY'!B8 -> Medi Egadi | D119: 0 | E119: 0 | F119: 0 | G119: 0 | H119: =SUM(D119:G119) -> 0
B120: =' IA-SI DRY'!B9 -> Medi Egeo | D120: 1 | E120: 0 | F120: 0 | G120: 0 | H120: =SUM(D120:G120) -> 1
B121: =' IA-SI DRY'!B11 -> Medi Palmarola | D121: 0 | E121: 0 | F121: 0 | G121: 0 | H121: =SUM(D121:G121) -> 0
B122: Medi Sydney | D122: 0 | E122: 0 | F122: 1 | G122: 0 | H122: =SUM(D122:G122) -> 1
B123: =' IA-SI DRY'!B13 -> Medi Tirreno | D123: 0 | E123: 0 | F123: 0 | G123: 0 | H123: =SUM(D123:G123) -> 0
B124: =' IA-SI DRY'!B14 -> Medi Zuoz | D124: 0 | E124: 0 | F124: 0 | G124: 0 | H124: =SUM(D124:G124) -> 0
B125: =' IA-SI DRY'!B15 -> Medi Caboto | D125: 0 | E125: 0 | F125: 0 | G125: 0 | H125: =SUM(D125:G125) -> 0

Sheet Int Audit fleet graph

Sheet Saf Insp fleet Graph

Sheet IA-Deficiencies

Sheet Int Audit Year Tank-Dry

Sheet Saf. Insp. Year Tank-Dry 

Sheet SI-Deficiencies 

Sheet Nav Audit Graph

Sheet Tanker Graph by inspector
A1: =TODAY() -> 45805 | B1: INTERNAL AUDIT | E1: SAFETY INSPECTION | H1: NAVIGATIONAL AUDIT | K1: ENVIRONMENTAL AUDIT | N1: CARGO OPERATIONAL AUDIT | Q1: ISPS AUDIT | T1: MOORING AUDIT
B2: IntA Nr | C2: IntA Remarks | D2: IntA Average Remarks | E2: SafIns Nr | F2: SafIns Remarks | G2: SafIns Average Remarks | H2: NavA Nr | I2: NavA Remarks | J2: NavA Average Remarks | K2: EnvA Nr | L2: EnvA Remarks | M2: EnvA Average Remarks | N2: CarOpA Nr | O2: CarOpA Remarks | P2: CarOpA Average Remarks | Q2: ISPSA Nr | R2: ISPSA Remarks | S2: ISPSA Average Remarks | T2: MoorA Nr | U2: MoorA Remarks | V2: MoorA Average Remarks
A3: Amandeep | B3: =COUNTIFS('Tanker Data'!D3:D122,"*",'Tanker Data'!B3:B122,A3) -> 0 | C3: =SUMIF('Tanker Data'!B3:B122,A3,'Tanker Data'!F3:F122) -> 0 | D3: =C3/B3 -> #DIV/0! | E3: =COUNTIFS('Tanker Data'!I3:I122,"*",'Tanker Data'!B3:B122,A3) -> 0 | F3: =SUMIF('Tanker Data'!B3:B122,A3,'Tanker Data'!K3:K122) -> 0 | G3: =F3/E3 -> #DIV/0! | H3: =COUNTIFS('Tanker Data'!N3:N122,"*",'Tanker Data'!B3:B122,A3) -> 0 | I3: =SUMIF('Tanker Data'!B3:B122,A3,'Tanker Data'!P3:P122) -> 0 | J3: =I3/H3 -> #DIV/0! | K3: =COUNTIFS('Tanker Data'!S3:S122,"*",'Tanker Data'!B3:B122,A3) -> 0 | L3: =SUMIF('Tanker Data'!B3:B122,A3,'Tanker Data'!U3:U122) -> 0 | M3: =L3/K3 -> #DIV/0! | N3: =COUNTIFS('Tanker Data'!X3:X122,"*",'Tanker Data'!B3:B122,A3) -> 0 | O3: =SUMIF('Tanker Data'!B3:B122,A3,'Tanker Data'!Z3:Z122) -> 0 | P3: =O3/N3 -> #DIV/0! | Q3: =COUNTIFS('Tanker Data'!AC3:AC122,"*",'Tanker Data'!B3:B122,A3) -> 0 | R3: =SUMIF('Tanker Data'!B3:B122,A3,'Tanker Data'!AE3:AE122) -> 0 | S3: =R3/Q3 -> #DIV/0! | T3: =COUNTIFS('Tanker Data'!AH3:AH122,"*",'Tanker Data'!B3:B122,A3) -> 0 | U3: =SUMIF('Tanker Data'!B3:B122,A3,'Tanker Data'!AJ3:AJ122) -> 0 | V3: =U3/T3 -> #DIV/0!
A4: Ankur | B4: =COUNTIFS('Tanker Data'!D3:D122,"*",'Tanker Data'!B3:B122,A4) -> 0 | C4: =SUMIF('Tanker Data'!B3:B122,A4,'Tanker Data'!F3:F122) -> 0 | D4: =C4/B4 -> #DIV/0! | E4: =COUNTIFS('Tanker Data'!I3:I122,"*",'Tanker Data'!B3:B122,A4) -> 0 | F4: =SUMIF('Tanker Data'!B3:B122,A4,'Tanker Data'!K3:K122) -> 0 | G4: =F4/E4 -> #DIV/0! | H4: =COUNTIFS('Tanker Data'!N3:N122,"*",'Tanker Data'!B3:B122,A4) -> 0 | I4: =SUMIF('Tanker Data'!B3:B122,A4,'Tanker Data'!P3:P122) -> 0 | J4: =I4/H4 -> #DIV/0! | K4: =COUNTIFS('Tanker Data'!S3:S122,"*",'Tanker Data'!B3:B122,A4) -> 0 | L4: =SUMIF('Tanker Data'!B3:B122,A4,'Tanker Data'!U3:U122) -> 0 | M4: =L4/K4 -> #DIV/0! | N4: =COUNTIFS('Tanker Data'!X3:X122,"*",'Tanker Data'!B3:B122,A4) -> 0 | O4: =SUMIF('Tanker Data'!B3:B122,A4,'Tanker Data'!Z3:Z122) -> 0 | P4: =O4/N4 -> #DIV/0! | Q4: =COUNTIFS('Tanker Data'!AC3:AC122,"*",'Tanker Data'!B3:B122,A4) -> 0 | R4: =SUMIF('Tanker Data'!B3:B122,A4,'Tanker Data'!AE3:AE122) -> 0 | S4: =R4/Q4 -> #DIV/0! | T4: =COUNTIFS('Tanker Data'!AH3:AH122,"*",'Tanker Data'!B3:B122,A4) -> 0 | U4: =SUMIF('Tanker Data'!B3:B122,A4,'Tanker Data'!AJ3:AJ122) -> 0 | V4: =U4/T4 -> #DIV/0!
A5: Ashwin | B5: =COUNTIFS('Tanker Data'!D3:D122,"*",'Tanker Data'!B3:B122,A5) -> 1 | C5: =SUMIF('Tanker Data'!B3:B122,A5,'Tanker Data'!F3:F122) -> 9 | D5: =C5/B5 -> 9 | E5: =COUNTIFS('Tanker Data'!I3:I122,"*",'Tanker Data'!B3:B122,A5) -> 1 | F5: =SUMIF('Tanker Data'!B3:B122,A5,'Tanker Data'!K3:K122) -> 10 | G5: =F5/E5 -> 10 | H5: =COUNTIFS('Tanker Data'!N3:N122,"*",'Tanker Data'!B3:B122,A5) -> 0 | I5: =SUMIF('Tanker Data'!B3:B122,A5,'Tanker Data'!P3:P122) -> 4 | J5: =I5/H5 -> #DIV/0! | K5: =COUNTIFS('Tanker Data'!S3:S122,"*",'Tanker Data'!B3:B122,A5) -> 0 | L5: =SUMIF('Tanker Data'!B3:B122,A5,'Tanker Data'!U3:U122) -> 0 | M5: =L5/K5 -> #DIV/0! | N5: =COUNTIFS('Tanker Data'!X3:X122,"*",'Tanker Data'!B3:B122,A5) -> 0 | O5: =SUMIF('Tanker Data'!B3:B122,A5,'Tanker Data'!Z3:Z122) -> 0 | P5: =O5/N5 -> #DIV/0! | Q5: =COUNTIFS('Tanker Data'!AC3:AC122,"*",'Tanker Data'!B3:B122,A5) -> 1 | R5: =SUMIF('Tanker Data'!B3:B122,A5,'Tanker Data'!AE3:AE122) -> 0 | S5: =R5/Q5 -> 0 | T5: =COUNTIFS('Tanker Data'!AH3:AH122,"*",'Tanker Data'!B3:B122,A5) -> 0 | U5: =SUMIF('Tanker Data'!B3:B122,A5,'Tanker Data'!AJ3:AJ122) -> 0 | V5: =U5/T5 -> #DIV/0!
A6: Avish | B6: =COUNTIFS('Tanker Data'!D3:D122,"*",'Tanker Data'!B3:B122,A6) -> 1 | C6: =SUMIF('Tanker Data'!B3:B122,A6,'Tanker Data'!F3:F122) -> 6 | D6: =C6/B6 -> 6 | E6: =COUNTIFS('Tanker Data'!I3:I122,"*",'Tanker Data'!B3:B122,A6) -> 1 | F6: =SUMIF('Tanker Data'!B3:B122,A6,'Tanker Data'!K3:K122) -> 6 | G6: =F6/E6 -> 6 | H6: =COUNTIFS('Tanker Data'!N3:N122,"*",'Tanker Data'!B3:B122,A6) -> 1 | I6: =SUMIF('Tanker Data'!B3:B122,A6,'Tanker Data'!P3:P122) -> 3 | J6: =I6/H6 -> 3 | K6: =COUNTIFS('Tanker Data'!S3:S122,"*",'Tanker Data'!B3:B122,A6) -> 0 | L6: =SUMIF('Tanker Data'!B3:B122,A6,'Tanker Data'!U3:U122) -> 0 | M6: =L6/K6 -> #DIV/0! | N6: =COUNTIFS('Tanker Data'!X3:X122,"*",'Tanker Data'!B3:B122,A6) -> 0 | O6: =SUMIF('Tanker Data'!B3:B122,A6,'Tanker Data'!Z3:Z122) -> 0 | P6: =O6/N6 -> #DIV/0! | Q6: =COUNTIFS('Tanker Data'!AC3:AC122,"*",'Tanker Data'!B3:B122,A6) -> 1 | R6: =SUMIF('Tanker Data'!B3:B122,A6,'Tanker Data'!AE3:AE122) -> 0 | S6: =R6/Q6 -> 0 | T6: =COUNTIFS('Tanker Data'!AH3:AH122,"*",'Tanker Data'!B3:B122,A6) -> 0 | U6: =SUMIF('Tanker Data'!B3:B122,A6,'Tanker Data'!AJ3:AJ122) -> 0 | V6: =U6/T6 -> #DIV/0!
A7: Jay | B7: =COUNTIFS('Tanker Data'!D3:D122,"*",'Tanker Data'!B3:B122,A7) -> 9 | C7: =SUMIF('Tanker Data'!B3:B122,A7,'Tanker Data'!F3:F122) -> 27 | D7: =C7/B7 -> 3 | E7: =COUNTIFS('Tanker Data'!I3:I122,"*",'Tanker Data'!B3:B122,A7) -> 8 | F7: =SUMIF('Tanker Data'!B3:B122,A7,'Tanker Data'!K3:K122) -> 39 | G7: =F7/E7 -> 4.875 | H7: =COUNTIFS('Tanker Data'!N3:N122,"*",'Tanker Data'!B3:B122,A7) -> 7 | I7: =SUMIF('Tanker Data'!B3:B122,A7,'Tanker Data'!P3:P122) -> 21 | J7: =I7/H7 -> 3 | K7: =COUNTIFS('Tanker Data'!S3:S122,"*",'Tanker Data'!B3:B122,A7) -> 4 | L7: =SUMIF('Tanker Data'!B3:B122,A7,'Tanker Data'!U3:U122) -> 8 | M7: =L7/K7 -> 2 | N7: =COUNTIFS('Tanker Data'!X3:X122,"*",'Tanker Data'!B3:B122,A7) -> 5 | O7: =SUMIF('Tanker Data'!B3:B122,A7,'Tanker Data'!Z3:Z122) -> 12 | P7: =O7/N7 -> 2.4 | Q7: =COUNTIFS('Tanker Data'!AC3:AC122,"*",'Tanker Data'!B3:B122,A7) -> 9 | R7: =SUMIF('Tanker Data'!B3:B122,A7,'Tanker Data'!AE3:AE122) -> 2 | S7: =R7/Q7 -> 0.22222222 | T7: =COUNTIFS('Tanker Data'!AH3:AH122,"*",'Tanker Data'!B3:B122,A7) -> 5 | U7: =SUMIF('Tanker Data'!B3:B122,A7,'Tanker Data'!AJ3:AJ122) -> 11 | V7: =U7/T7 -> 2.2
A8: Manpreet | B8: =COUNTIFS('Tanker Data'!D5:D124,"*",'Tanker Data'!B5:B124,A8) -> 1 | C8: =SUMIF('Tanker Data'!B5:B124,A8,'Tanker Data'!F5:F124) -> 6 | D8: =C8/B8 -> 6 | E8: =COUNTIFS('Tanker Data'!I5:I124,"*",'Tanker Data'!B5:B124,A8) -> 0 | F8: =SUMIF('Tanker Data'!B5:B124,A8,'Tanker Data'!K5:K124) -> 0 | G8: =F8/E8 -> #DIV/0! | H8: =COUNTIFS('Tanker Data'!N5:N124,"*",'Tanker Data'!B5:B124,A8) -> 0 | I8: =SUMIF('Tanker Data'!B5:B124,A8,'Tanker Data'!P5:P124) -> 0 | J8: =I8/H8 -> #DIV/0! | K8: =COUNTIFS('Tanker Data'!S5:S124,"*",'Tanker Data'!B5:B124,A8) -> 0 | L8: =SUMIF('Tanker Data'!B5:B124,A8,'Tanker Data'!U5:U124) -> 0 | M8: =L8/K8 -> #DIV/0! | N8: =COUNTIFS('Tanker Data'!X5:X124,"*",'Tanker Data'!B5:B124,A8) -> 0 | O8: =SUMIF('Tanker Data'!B5:B124,A8,'Tanker Data'!Z5:Z124) -> 0 | P8: =O8/N8 -> #DIV/0! | Q8: =COUNTIFS('Tanker Data'!AC5:AC124,"*",'Tanker Data'!B5:B124,A8) -> 1 | R8: =SUMIF('Tanker Data'!B5:B124,A8,'Tanker Data'!AE5:AE124) -> 0 | S8: =R8/Q8 -> 0 | T8: =COUNTIFS('Tanker Data'!AH5:AH124,"*",'Tanker Data'!B5:B124,A8) -> 0 | U8: =SUMIF('Tanker Data'!B5:B124,A8,'Tanker Data'!AJ5:AJ124) -> 0 | V8: =U8/T8 -> #DIV/0!
A9: Maqsood | B9: =COUNTIFS('Tanker Data'!D5:D124,"*",'Tanker Data'!B5:B124,A9) -> 1 | C9: =SUMIF('Tanker Data'!B5:B124,A9,'Tanker Data'!F5:F124) -> 3 | D9: =C9/B9 -> 3 | E9: =COUNTIFS('Tanker Data'!I5:I124,"*",'Tanker Data'!B5:B124,A9) -> 0 | F9: =SUMIF('Tanker Data'!B5:B124,A9,'Tanker Data'!K5:K124) -> 0 | G9: =F9/E9 -> #DIV/0! | H9: =COUNTIFS('Tanker Data'!N5:N124,"*",'Tanker Data'!B5:B124,A9) -> 0 | I9: =SUMIF('Tanker Data'!B5:B124,A9,'Tanker Data'!P5:P124) -> 0 | J9: =I9/H9 -> #DIV/0! | K9: =COUNTIFS('Tanker Data'!S5:S124,"*",'Tanker Data'!B5:B124,A9) -> 0 | L9: =SUMIF('Tanker Data'!B5:B124,A9,'Tanker Data'!U5:U124) -> 0 | M9: =L9/K9 -> #DIV/0! | N9: =COUNTIFS('Tanker Data'!X5:X124,"*",'Tanker Data'!B5:B124,A9) -> 1 | O9: =SUMIF('Tanker Data'!B5:B124,A9,'Tanker Data'!Z5:Z124) -> 2 | P9: =O9/N9 -> 2 | Q9: =COUNTIFS('Tanker Data'!AC5:AC124,"*",'Tanker Data'!B5:B124,A9) -> 1 | R9: =SUMIF('Tanker Data'!B5:B124,A9,'Tanker Data'!AE5:AE124) -> 0 | S9: =R9/Q9 -> 0 | T9: =COUNTIFS('Tanker Data'!AH5:AH124,"*",'Tanker Data'!B5:B124,A9) -> 1 | U9: =SUMIF('Tanker Data'!B5:B124,A9,'Tanker Data'!AJ5:AJ124) -> 1 | V9: =U9/T9 -> 1
A10: Naveen | B10: =COUNTIFS('Tanker Data'!D7:D126,"*",'Tanker Data'!B7:B126,A10) -> 4 | C10: =SUMIF('Tanker Data'!B7:B126,A10,'Tanker Data'!F7:F126) -> 14 | D10: =C10/B10 -> 3.5 | E10: =COUNTIFS('Tanker Data'!I7:I126,"*",'Tanker Data'!B7:B126,A10) -> 5 | F10: =SUMIF('Tanker Data'!B7:B126,A10,'Tanker Data'!K7:K126) -> 17 | G10: =F10/E10 -> 3.4 | H10: =COUNTIFS('Tanker Data'!N7:N126,"*",'Tanker Data'!B7:B126,A10) -> 4 | I10: =SUMIF('Tanker Data'!B7:B126,A10,'Tanker Data'!P7:P126) -> 9 | J10: =I10/H10 -> 2.25 | K10: =COUNTIFS('Tanker Data'!S7:S126,"*",'Tanker Data'!B7:B126,A10) -> 4 | L10: =SUMIF('Tanker Data'!B7:B126,A10,'Tanker Data'!U7:U126) -> 6 | M10: =L10/K10 -> 1.5 | N10: =COUNTIFS('Tanker Data'!X7:X126,"*",'Tanker Data'!B7:B126,A10) -> 4 | O10: =SUMIF('Tanker Data'!B7:B126,A10,'Tanker Data'!Z7:Z126) -> 10 | P10: =O10/N10 -> 2.5 | Q10: =COUNTIFS('Tanker Data'!AC7:AC126,"*",'Tanker Data'!B7:B126,A10) -> 4 | R10: =SUMIF('Tanker Data'!B7:B126,A10,'Tanker Data'!AE7:AE126) -> 0 | S10: =R10/Q10 -> 0 | T10: =COUNTIFS('Tanker Data'!AH7:AH126,"*",'Tanker Data'!B7:B126,A10) -> 4 | U10: =SUMIF('Tanker Data'!B7:B126,A10,'Tanker Data'!AJ7:AJ126) -> 5 | V10: =U10/T10 -> 1.25
A11: Siddharth | B11: =COUNTIFS('Tanker Data'!D7:D126,"*",'Tanker Data'!B7:B126,A11) -> 3 | C11: =SUMIF('Tanker Data'!B7:B126,A11,'Tanker Data'!F7:F126) -> 15 | D11: =C11/B11 -> 5 | E11: =COUNTIFS('Tanker Data'!I7:I126,"*",'Tanker Data'!B7:B126,A11) -> 2 | F11: =SUMIF('Tanker Data'!B7:B126,A11,'Tanker Data'!K7:K126) -> 11 | G11: =F11/E11 -> 5.5 | H11: =COUNTIFS('Tanker Data'!N7:N126,"*",'Tanker Data'!B7:B126,A11) -> 3 | I11: =SUMIF('Tanker Data'!B7:B126,A11,'Tanker Data'!P7:P126) -> 7 | J11: =I11/H11 -> 2.3333333 | K11: =COUNTIFS('Tanker Data'!S7:S126,"*",'Tanker Data'!B7:B126,A11) -> 2 | L11: =SUMIF('Tanker Data'!B7:B126,A11,'Tanker Data'!U7:U126) -> 7 | M11: =L11/K11 -> 3.5 | N11: =COUNTIFS('Tanker Data'!X7:X126,"*",'Tanker Data'!B7:B126,A11) -> 3 | O11: =SUMIF('Tanker Data'!B7:B126,A11,'Tanker Data'!Z7:Z126) -> 9 | P11: =O11/N11 -> 3 | Q11: =COUNTIFS('Tanker Data'!AC7:AC126,"*",'Tanker Data'!B7:B126,A11) -> 3 | R11: =SUMIF('Tanker Data'!B7:B126,A11,'Tanker Data'!AE7:AE126) -> 0 | S11: =R11/Q11 -> 0 | T11: =COUNTIFS('Tanker Data'!AH7:AH126,"*",'Tanker Data'!B7:B126,A11) -> 2 | U11: =SUMIF('Tanker Data'!B7:B126,A11,'Tanker Data'!AJ7:AJ126) -> 5 | V11: =U11/T11 -> 2.5
A12: Venster | B12: =COUNTIFS('Tanker Data'!D3:D122,"*",'Tanker Data'!B3:B122,A12) -> 2 | C12: =SUMIF('Tanker Data'!B3:B122,A12,'Tanker Data'!F3:F122) -> 6 | D12: =C12/B12 -> 3 | E12: =COUNTIFS('Tanker Data'!I3:I122,"*",'Tanker Data'!B3:B122,A12) -> 2 | F12: =SUMIF('Tanker Data'!B3:B122,A12,'Tanker Data'!K3:K122) -> 9 | G12: =F12/E12 -> 4.5 | H12: =COUNTIFS('Tanker Data'!N3:N122,"*",'Tanker Data'!B3:B122,A12) -> 2 | I12: =SUMIF('Tanker Data'!B3:B122,A12,'Tanker Data'!P3:P122) -> 8 | J12: =I12/H12 -> 4 | K12: =COUNTIFS('Tanker Data'!S3:S122,"*",'Tanker Data'!B3:B122,A12) -> 2 | L12: =SUMIF('Tanker Data'!B3:B122,A12,'Tanker Data'!U3:U122) -> 4 | M12: =L12/K12 -> 2 | N12: =COUNTIFS('Tanker Data'!X3:X122,"*",'Tanker Data'!B3:B122,A12) -> 2 | O12: =SUMIF('Tanker Data'!B3:B122,A12,'Tanker Data'!Z3:Z122) -> 5 | P12: =O12/N12 -> 2.5 | Q12: =COUNTIFS('Tanker Data'!AC3:AC123,"*",'Tanker Data'!B3:B123,A12) -> 2 | R12: =SUMIF('Tanker Data'!B3:B123,A12,'Tanker Data'!AE3:AE123) -> 0 | S12: =R12/Q12 -> 0 | T12: =COUNTIFS('Tanker Data'!AH3:AH122,"*",'Tanker Data'!B3:B122,A12) -> 2 | U12: =SUMIF('Tanker Data'!B3:B122,A12,'Tanker Data'!AJ3:AJ122) -> 4 | V12: =U12/T12 -> 2
A13: Others | B13: =COUNTIFS('Tanker Data'!D3:D122,"*",'Tanker Data'!B3:B122,A13) -> 0 | C13: =SUMIF('Tanker Data'!B3:B122,A13,'Tanker Data'!F3:F122) -> 0 | D13: =C13/B13 -> #DIV/0! | E13: =COUNTIFS('Tanker Data'!I3:I122,"*",'Tanker Data'!B3:B122,A13) -> 0 | F13: =SUMIF('Tanker Data'!B3:B122,A13,'Tanker Data'!K3:K122) -> 0 | G13: =F13/E13 -> #DIV/0! | H13: =COUNTIFS('Tanker Data'!N3:N122,"*",'Tanker Data'!B3:B122,A13) -> 0 | I13: =SUMIF('Tanker Data'!B3:B122,A13,'Tanker Data'!P3:P122) -> 0 | J13: =I13/H13 -> #DIV/0! | K13: =COUNTIFS('Tanker Data'!S3:S122,"*",'Tanker Data'!B3:B122,A13) -> 0 | L13: =SUMIF('Tanker Data'!B3:B122,A13,'Tanker Data'!U3:U122) -> 0 | M13: =L13/K13 -> #DIV/0! | N13: =COUNTIFS('Tanker Data'!X3:X122,"*",'Tanker Data'!B3:B122,A13) -> 0 | O13: =SUMIF('Tanker Data'!B3:B122,A13,'Tanker Data'!Z3:Z122) -> 0 | P13: =O13/N13 -> #DIV/0! | Q13: =COUNTIFS('Tanker Data'!AC3:AC122,"*",'Tanker Data'!B3:B122,A13) -> 0 | R13: =SUMIF('Tanker Data'!B3:B122,A13,'Tanker Data'!AE3:AE122) -> 0 | S13: =R13/Q13 -> #DIV/0! | T13: =COUNTIFS('Tanker Data'!AH3:AH122,"*",'Tanker Data'!B3:B122,A13) -> 0 | U13: =SUMIF('Tanker Data'!B3:B122,A13,'Tanker Data'!AJ3:AJ122) -> 0 | V13: =U13/T13 -> #DIV/0!

Sheet Dry Graph By Ispector 
A1: =TODAY() -> 45805 | B1: INTERNAL AUDIT | E1: SAFETY INSPECTION | H1: NAVIGATIONAL AUDIT | K1: ENVIRONMENTAL AUDIT | N1: CARGO OPERATIONAL AUDIT | Q1: ISPS AUDIT | T1: MOORING AUDIT
B2: IntA Nr | C2: IntA Remarks | D2: IntA Average Remarks | E2: SafIns Nr | F2: SafIns Remarks | G2: SafIns Average Remarks | H2: NavA Nr | I2: NavA Remarks | J2: NavA Average Remarks | K2: EnvA Nr | L2: EnvA Remarks | M2: EnvA Average Remarks | N2: CarOpA Nr | O2: CarOpA Remarks | P2: CarOpA Average Remarks | Q2: ISPSA Nr | R2: ISPSA Remarks | S2: ISPSA Average Remarks | T2: MoorA Nr | U2: MoorA Remarks | V2: MoorA Average Remarks
A3: Amandeep | B3: =COUNTIFS('Dry Data'!D3:D46,"*",'Dry Data'!B3:B46,A3) -> 0 | C3: =SUMIF('Dry Data'!B3:B46,A3,'Dry Data'!F3:F46) -> 0 | D3: =C3/B3 -> #DIV/0! | E3: =COUNTIFS('Dry Data'!I3:I46,"*",'Dry Data'!B3:B46,A3) -> 0 | F3: =SUMIF('Dry Data'!B3:B46,A3,'Dry Data'!K3:K46) -> 0 | G3: =F3/E3 -> #DIV/0! | H3: =COUNTIFS('Dry Data'!N3:N46,"*",'Dry Data'!B3:B46,A3) -> 0 | I3: =SUMIF('Dry Data'!B3:B46,A3,'Dry Data'!P3:P46) -> 0 | J3: =I3/H3 -> #DIV/0! | K3: =COUNTIFS('Dry Data'!S3:S46,"*",'Dry Data'!B3:B46,A3) -> 0 | L3: =SUMIF('Dry Data'!B3:B46,A3,'Dry Data'!U3:U46) -> 0 | M3: =L3/K3 -> #DIV/0! | N3: =COUNTIFS('Dry Data'!X3:X46,"*",'Dry Data'!B3:B46,A3) -> 0 | O3: =SUMIF('Dry Data'!B3:B46,A3,'Dry Data'!Z3:Z46) -> 0 | P3: =O3/N3 -> #DIV/0! | Q3: =COUNTIFS('Dry Data'!AC3:AC46,"*",'Dry Data'!B3:B46,A3) -> 0 | R3: =SUMIF('Dry Data'!B3:B46,A3,'Dry Data'!AE3:AE46) -> 0 | S3: =R3/Q3 -> #DIV/0! | T3: =COUNTIFS('Dry Data'!AH3:AH46,"*",'Dry Data'!B3:B46,A3) -> 0 | U3: =SUMIF('Dry Data'!B3:B46,A3,'Dry Data'!AJ3:AJ46) -> 0 | V3: =U3/T3 -> #DIV/0!
A4: Ankur | B4: =COUNTIFS('Dry Data'!D3:D46,"*",'Dry Data'!B3:B46,A4) -> 0 | C4: =SUMIF('Dry Data'!B3:B46,A4,'Dry Data'!F3:F46) -> 0 | D4: =C4/B4 -> #DIV/0! | E4: =COUNTIFS('Dry Data'!I3:I46,"*",'Dry Data'!B3:B46,A4) -> 0 | F4: =SUMIF('Dry Data'!B3:B46,A4,'Dry Data'!K3:K46) -> 0 | G4: =F4/E4 -> #DIV/0! | H4: =COUNTIFS('Dry Data'!N3:N46,"*",'Dry Data'!B3:B46,A4) -> 0 | I4: =SUMIF('Dry Data'!B3:B46,A4,'Dry Data'!P3:P46) -> 0 | J4: =I4/H4 -> #DIV/0! | K4: =COUNTIFS('Dry Data'!S3:S46,"*",'Dry Data'!B3:B46,A4) -> 0 | L4: =SUMIF('Dry Data'!B3:B46,A4,'Dry Data'!U3:U46) -> 0 | M4: =L4/K4 -> #DIV/0! | N4: =COUNTIFS('Dry Data'!X3:X46,"*",'Dry Data'!B3:B46,A4) -> 0 | O4: =SUMIF('Dry Data'!B3:B46,A4,'Dry Data'!Z3:Z46) -> 0 | P4: =O4/N4 -> #DIV/0! | Q4: =COUNTIFS('Dry Data'!AC3:AC46,"*",'Dry Data'!B3:B46,A4) -> 0 | R4: =SUMIF('Dry Data'!B3:B46,A4,'Dry Data'!AE3:AE46) -> 0 | S4: =R4/Q4 -> #DIV/0! | T4: =COUNTIFS('Dry Data'!AH3:AH46,"*",'Dry Data'!B3:B46,A4) -> 0 | U4: =SUMIF('Dry Data'!B3:B46,A4,'Dry Data'!AJ3:AJ46) -> 0 | V4: =U4/T4 -> #DIV/0!
A5: Ashwin | B5: =COUNTIFS('Dry Data'!D3:D46,"*",'Dry Data'!B3:B46,A5) -> 0 | C5: =SUMIF('Dry Data'!B3:B46,A5,'Dry Data'!F3:F46) -> 0 | D5: =C5/B5 -> #DIV/0! | E5: =COUNTIFS('Dry Data'!I3:I46,"*",'Dry Data'!B3:B46,A5) -> 0 | F5: =SUMIF('Dry Data'!B3:B46,A5,'Dry Data'!K3:K46) -> 0 | G5: =F5/E5 -> #DIV/0! | H5: =COUNTIFS('Dry Data'!N3:N46,"*",'Dry Data'!B3:B46,A5) -> 0 | I5: =SUMIF('Dry Data'!B3:B46,A5,'Dry Data'!P3:P46) -> 0 | J5: =I5/H5 -> #DIV/0! | K5: =COUNTIFS('Dry Data'!S3:S46,"*",'Dry Data'!B3:B46,A5) -> 0 | L5: =SUMIF('Dry Data'!B3:B46,A5,'Dry Data'!U3:U46) -> 0 | M5: =L5/K5 -> #DIV/0! | N5: =COUNTIFS('Dry Data'!X3:X46,"*",'Dry Data'!B3:B46,A5) -> 0 | O5: =SUMIF('Dry Data'!B3:B46,A5,'Dry Data'!Z3:Z46) -> 0 | P5: =O5/N5 -> #DIV/0! | Q5: =COUNTIFS('Dry Data'!AC3:AC46,"*",'Dry Data'!B3:B46,A5) -> 0 | R5: =SUMIF('Dry Data'!B3:B46,A5,'Dry Data'!AE3:AE46) -> 0 | S5: =R5/Q5 -> #DIV/0! | T5: =COUNTIFS('Dry Data'!AH3:AH46,"*",'Dry Data'!B3:B46,A5) -> 0 | U5: =SUMIF('Dry Data'!B3:B46,A5,'Dry Data'!AJ3:AJ46) -> 0 | V5: =U5/T5 -> #DIV/0!
A6: Avish | B6: =COUNTIFS('Dry Data'!D3:D46,"*",'Dry Data'!B3:B46,A6) -> 2 | C6: =SUMIF('Dry Data'!B3:B46,A6,'Dry Data'!F3:F46) -> 6 | D6: =C6/B6 -> 3 | E6: =COUNTIFS('Dry Data'!I3:I46,"*",'Dry Data'!B3:B46,A6) -> 0 | F6: =SUMIF('Dry Data'!B3:B46,A6,'Dry Data'!K3:K46) -> 0 | G6: =F6/E6 -> #DIV/0! | H6: =COUNTIFS('Dry Data'!N3:N46,"*",'Dry Data'!B3:B46,A6) -> 0 | I6: =SUMIF('Dry Data'!B3:B46,A6,'Dry Data'!P3:P46) -> 0 | J6: =I6/H6 -> #DIV/0! | K6: =COUNTIFS('Dry Data'!S3:S46,"*",'Dry Data'!B3:B46,A6) -> 1 | L6: =SUMIF('Dry Data'!B3:B46,A6,'Dry Data'!U3:U46) -> 1 | M6: =L6/K6 -> 1 | N6: =COUNTIFS('Dry Data'!X3:X46,"*",'Dry Data'!B3:B46,A6) -> 0 | O6: =SUMIF('Dry Data'!B3:B46,A6,'Dry Data'!Z3:Z46) -> 0 | P6: =O6/N6 -> #DIV/0! | Q6: =COUNTIFS('Dry Data'!AC3:AC46,"*",'Dry Data'!B3:B46,A6) -> 2 | R6: =SUMIF('Dry Data'!B3:B46,A6,'Dry Data'!AE3:AE46) -> 0 | S6: =R6/Q6 -> 0 | T6: =COUNTIFS('Dry Data'!AH3:AH46,"*",'Dry Data'!B3:B46,A6) -> 0 | U6: =SUMIF('Dry Data'!B3:B46,A6,'Dry Data'!AJ3:AJ46) -> 0 | V6: =U6/T6 -> #DIV/0!
A7: Jay | B7: =COUNTIFS('Dry Data'!D3:D46,"*",'Dry Data'!B3:B46,A7) -> 0 | C7: =SUMIF('Dry Data'!B3:B46,A7,'Dry Data'!F3:F46) -> 0 | D7: =C7/B7 -> #DIV/0! | E7: =COUNTIFS('Dry Data'!I3:I46,"*",'Dry Data'!B3:B46,A7) -> 0 | F7: =SUMIF('Dry Data'!B3:B46,A7,'Dry Data'!K3:K46) -> 0 | G7: =F7/E7 -> #DIV/0! | H7: =COUNTIFS('Dry Data'!N3:N46,"*",'Dry Data'!B3:B46,A7) -> 0 | I7: =SUMIF('Dry Data'!B3:B46,A7,'Dry Data'!P3:P46) -> 0 | J7: =I7/H7 -> #DIV/0! | K7: =COUNTIFS('Dry Data'!S3:S46,"*",'Dry Data'!B3:B46,A7) -> 0 | L7: =SUMIF('Dry Data'!B3:B46,A7,'Dry Data'!U3:U46) -> 0 | M7: =L7/K7 -> #DIV/0! | N7: =COUNTIFS('Dry Data'!X3:X46,"*",'Dry Data'!B3:B46,A7) -> 0 | O7: =SUMIF('Dry Data'!B3:B46,A7,'Dry Data'!Z3:Z46) -> 0 | P7: =O7/N7 -> #DIV/0! | Q7: =COUNTIFS('Dry Data'!AC3:AC46,"*",'Dry Data'!B3:B46,A7) -> 0 | R7: =SUMIF('Dry Data'!B3:B46,A7,'Dry Data'!AE3:AE46) -> 0 | S7: =R7/Q7 -> #DIV/0! | T7: =COUNTIFS('Dry Data'!AH3:AH46,"*",'Dry Data'!B3:B46,A7) -> 0 | U7: =SUMIF('Dry Data'!B3:B46,A7,'Dry Data'!AJ3:AJ46) -> 0 | V7: =U7/T7 -> #DIV/0!
A8: Manpreet | B8: =COUNTIFS('Dry Data'!D3:D46,"*",'Dry Data'!B3:B46,A8) -> 0 | C8: =SUMIF('Dry Data'!B3:B46,A8,'Dry Data'!F3:F46) -> 0 | D8: =C8/B8 -> #DIV/0! | E8: =COUNTIFS('Dry Data'!I3:I46,"*",'Dry Data'!B3:B46,A8) -> 0 | F8: =SUMIF('Dry Data'!B3:B46,A8,'Dry Data'!K3:K46) -> 0 | G8: =F8/E8 -> #DIV/0! | H8: =COUNTIFS('Dry Data'!N3:N46,"*",'Dry Data'!B3:B46,A8) -> 0 | I8: =SUMIF('Dry Data'!B3:B46,A8,'Dry Data'!P3:P46) -> 0 | J8: =I8/H8 -> #DIV/0! | K8: =COUNTIFS('Dry Data'!S3:S46,"*",'Dry Data'!B3:B46,A8) -> 0 | L8: =SUMIF('Dry Data'!B3:B46,A8,'Dry Data'!U3:U46) -> 0 | M8: =L8/K8 -> #DIV/0! | N8: =COUNTIFS('Dry Data'!X3:X46,"*",'Dry Data'!B3:B46,A8) -> 0 | O8: =SUMIF('Dry Data'!B3:B46,A8,'Dry Data'!Z3:Z46) -> 0 | P8: =O8/N8 -> #DIV/0! | Q8: =COUNTIFS('Dry Data'!AC3:AC46,"*",'Dry Data'!B3:B46,A8) -> 0 | R8: =SUMIF('Dry Data'!B3:B46,A8,'Dry Data'!AE3:AE46) -> 0 | S8: =R8/Q8 -> #DIV/0! | T8: =COUNTIFS('Dry Data'!AH3:AH46,"*",'Dry Data'!B3:B46,A8) -> 0 | U8: =SUMIF('Dry Data'!B3:B46,A8,'Dry Data'!AJ3:AJ46) -> 0 | V8: =U8/T8 -> #DIV/0!
A9: Maqsood | B9: =COUNTIFS('Dry Data'!D3:D46,"*",'Dry Data'!B3:B46,A9) -> 0 | C9: =SUMIF('Dry Data'!B3:B46,A9,'Dry Data'!F3:F46) -> 0 | D9: =C9/B9 -> #DIV/0! | E9: =COUNTIFS('Dry Data'!I3:I46,"*",'Dry Data'!B3:B46,A9) -> 0 | F9: =SUMIF('Dry Data'!B3:B46,A9,'Dry Data'!K3:K46) -> 0 | G9: =F9/E9 -> #DIV/0! | H9: =COUNTIFS('Dry Data'!N3:N46,"*",'Dry Data'!B3:B46,A9) -> 0 | I9: =SUMIF('Dry Data'!B3:B46,A9,'Dry Data'!P3:P46) -> 0 | J9: =I9/H9 -> #DIV/0! | K9: =COUNTIFS('Dry Data'!S3:S46,"*",'Dry Data'!B3:B46,A9) -> 0 | L9: =SUMIF('Dry Data'!B3:B46,A9,'Dry Data'!U3:U46) -> 0 | M9: =L9/K9 -> #DIV/0! | N9: =COUNTIFS('Dry Data'!X3:X46,"*",'Dry Data'!B3:B46,A9) -> 0 | O9: =SUMIF('Dry Data'!B3:B46,A9,'Dry Data'!Z3:Z46) -> 0 | P9: =O9/N9 -> #DIV/0! | Q9: =COUNTIFS('Dry Data'!AC3:AC46,"*",'Dry Data'!B3:B46,A9) -> 0 | R9: =SUMIF('Dry Data'!B3:B46,A9,'Dry Data'!AE3:AE46) -> 0 | S9: =R9/Q9 -> #DIV/0! | T9: =COUNTIFS('Dry Data'!AH3:AH46,"*",'Dry Data'!B3:B46,A9) -> 0 | U9: =SUMIF('Dry Data'!B3:B46,A9,'Dry Data'!AJ3:AJ46) -> 0 | V9: =U9/T9 -> #DIV/0!
A10: Naveen | B10: =COUNTIFS('Dry Data'!D4:D47,"*",'Dry Data'!B4:B47,A10) -> 3 | C10: =SUMIF('Dry Data'!B4:B47,A10,'Dry Data'!F4:F47) -> 12 | D10: =C10/B10 -> 4 | E10: =COUNTIFS('Dry Data'!I4:I47,"*",'Dry Data'!B4:B47,A10) -> 1 | F10: =SUMIF('Dry Data'!B4:B47,A10,'Dry Data'!K4:K47) -> 2 | G10: =F10/E10 -> 2 | H10: =COUNTIFS('Dry Data'!N4:N47,"*",'Dry Data'!B4:B47,A10) -> 0 | I10: =SUMIF('Dry Data'!B4:B47,A10,'Dry Data'!P4:P47) -> 0 | J10: =I10/H10 -> #DIV/0! | K10: =COUNTIFS('Dry Data'!S4:S47,"*",'Dry Data'!B4:B47,A10) -> 0 | L10: =SUMIF('Dry Data'!B4:B47,A10,'Dry Data'!U4:U47) -> 0 | M10: =L10/K10 -> #DIV/0! | N10: =COUNTIFS('Dry Data'!X4:X47,"*",'Dry Data'!B4:B47,A10) -> 0 | O10: =SUMIF('Dry Data'!B4:B47,A10,'Dry Data'!Z4:Z47) -> 0 | P10: =O10/N10 -> #DIV/0! | Q10: =COUNTIFS('Dry Data'!AC4:AC47,"*",'Dry Data'!B4:B47,A10) -> 3 | R10: =SUMIF('Dry Data'!B4:B47,A10,'Dry Data'!AE4:AE47) -> 0 | S10: =R10/Q10 -> 0 | T10: =COUNTIFS('Dry Data'!AH4:AH47,"*",'Dry Data'!B4:B47,A10) -> 0 | U10: =SUMIF('Dry Data'!B4:B47,A10,'Dry Data'!AJ4:AJ47) -> 0 | V10: =U10/T10 -> #DIV/0!
A11: Siddharth | B11: =COUNTIFS('Dry Data'!D5:D48,"*",'Dry Data'!B5:B48,A11) -> 1 | C11: =SUMIF('Dry Data'!B5:B48,A11,'Dry Data'!F5:F48) -> 6 | D11: =C11/B11 -> 6 | E11: =COUNTIFS('Dry Data'!I5:I48,"*",'Dry Data'!B5:B48,A11) -> 1 | F11: =SUMIF('Dry Data'!B5:B48,A11,'Dry Data'!K5:K48) -> 7 | G11: =F11/E11 -> 7 | H11: =COUNTIFS('Dry Data'!N5:N48,"*",'Dry Data'!B5:B48,A11) -> 0 | I11: =SUMIF('Dry Data'!B5:B48,A11,'Dry Data'!P5:P48) -> 0 | J11: =I11/H11 -> #DIV/0! | K11: =COUNTIFS('Dry Data'!S5:S48,"*",'Dry Data'!B5:B48,A11) -> 0 | L11: =SUMIF('Dry Data'!B5:B48,A11,'Dry Data'!U5:U48) -> 0 | M11: =L11/K11 -> #DIV/0! | N11: =COUNTIFS('Dry Data'!X5:X48,"*",'Dry Data'!B5:B48,A11) -> 0 | O11: =SUMIF('Dry Data'!B5:B48,A11,'Dry Data'!Z5:Z48) -> 0 | P11: =O11/N11 -> #DIV/0! | Q11: =COUNTIFS('Dry Data'!AC5:AC48,"*",'Dry Data'!B5:B48,A11) -> 1 | R11: =SUMIF('Dry Data'!B5:B48,A11,'Dry Data'!AE5:AE48) -> 0 | S11: =R11/Q11 -> 0 | T11: =COUNTIFS('Dry Data'!AH5:AH48,"*",'Dry Data'!B5:B48,A11) -> 0 | U11: =SUMIF('Dry Data'!B5:B48,A11,'Dry Data'!AJ5:AJ48) -> 0 | V11: =U11/T11 -> #DIV/0!
A12: Venster | B12: =COUNTIFS('Dry Data'!D3:D46,"*",'Dry Data'!B3:B46,A12) -> 0 | C12: =SUMIF('Dry Data'!B3:B46,A12,'Dry Data'!F3:F46) -> 0 | D12: =C12/B12 -> #DIV/0! | E12: =COUNTIFS('Dry Data'!I3:I46,"*",'Dry Data'!B3:B46,A12) -> 0 | F12: =SUMIF('Dry Data'!B3:B46,A12,'Dry Data'!K3:K46) -> 0 | G12: =F12/E12 -> #DIV/0! | H12: =COUNTIFS('Dry Data'!N3:N46,"*",'Dry Data'!B3:B46,A12) -> 0 | I12: =SUMIF('Dry Data'!B3:B46,A12,'Dry Data'!P3:P46) -> 0 | J12: =I12/H12 -> #DIV/0! | K12: =COUNTIFS('Dry Data'!S3:S46,"*",'Dry Data'!B3:B46,A12) -> 0 | L12: =SUMIF('Dry Data'!B3:B46,A12,'Dry Data'!U3:U46) -> 0 | M12: =L12/K12 -> #DIV/0! | N12: =COUNTIFS('Dry Data'!X3:X46,"*",'Dry Data'!B3:B46,A12) -> 0 | O12: =SUMIF('Dry Data'!B3:B46,A12,'Dry Data'!Z3:Z46) -> 0 | P12: =O12/N12 -> #DIV/0! | Q12: =COUNTIFS('Dry Data'!AC3:AC46,"*",'Dry Data'!B3:B46,A12) -> 0 | R12: =SUMIF('Dry Data'!B3:B46,A12,'Dry Data'!AE3:AE46) -> 0 | S12: =R12/Q12 -> #DIV/0! | T12: =COUNTIFS('Dry Data'!AH3:AH46,"*",'Dry Data'!B3:B46,A12) -> 0 | U12: =SUMIF('Dry Data'!B3:B46,A12,'Dry Data'!AJ3:AJ46) -> 0 | V12: =U12/T12 -> #DIV/0!
A13: Others | B13: =COUNTIFS('Dry Data'!D3:D46,"*",'Dry Data'!B3:B46,A13) -> 1 | C13: =SUMIF('Dry Data'!B3:B46,A13,'Dry Data'!F3:F46) -> 3 | D13: =C13/B13 -> 3 | E13: =COUNTIFS('Dry Data'!I3:I46,"*",'Dry Data'!B3:B46,A13) -> 1 | F13: =SUMIF('Dry Data'!B3:B46,A13,'Dry Data'!K3:K46) -> 5 | G13: =F13/E13 -> 5 | H13: =COUNTIFS('Dry Data'!N3:N46,"*",'Dry Data'!B3:B46,A13) -> 0 | I13: =SUMIF('Dry Data'!B3:B46,A13,'Dry Data'!P3:P46) -> 0 | J13: =I13/H13 -> #DIV/0! | K13: =COUNTIFS('Dry Data'!S3:S46,"*",'Dry Data'!B3:B46,A13) -> 0 | L13: =SUMIF('Dry Data'!B3:B46,A13,'Dry Data'!U3:U46) -> 0 | M13: =L13/K13 -> #DIV/0! | N13: =COUNTIFS('Dry Data'!X3:X46,"*",'Dry Data'!B3:B46,A13) -> 0 | O13: =SUMIF('Dry Data'!B3:B46,A13,'Dry Data'!Z3:Z46) -> 0 | P13: =O13/N13 -> #DIV/0! | Q13: =COUNTIFS('Dry Data'!AC3:AC46,"*",'Dry Data'!B3:B46,A13) -> 1 | R13: =SUMIF('Dry Data'!B3:B46,A13,'Dry Data'!AE3:AE46) -> 0 | S13: =R13/Q13 -> 0 | T13: =COUNTIFS('Dry Data'!AH3:AH46,"*",'Dry Data'!B3:B46,A13) -> 0 | U13: =SUMIF('Dry Data'!B3:B46,A13,'Dry Data'!AJ3:AJ46) -> 0 | V13: =U13/T13 -> #DIV/0!

Sheet Rem-Nc-Obs Tanker

Sheet Rem-Nc-Obs Dry
